DRAMP_ID,Sequence,Sequence_Length,n_organisms,MIC
DRAMP00089,TTKNYGNGVCNSVNWCQCGNVWASCNLATGCAAWLCKLA,39,1,1.6
DRAMP00107,TNYGNGVGVPDAIMAGIIKLIFIFNIRQGYNFGKKAT,37,9,0.3016061998739578
DRAMP00136,NRWYCNSAAGGVGGAAVCGLAGYVGEAKENIAGEVRKGWGMAGGFTHNKACKSFPGSGWASG,62,9,0.3428975931412292
DRAMP00171,LIDHLGAPRWAVDTILGAIAVGNLASWVLALVPGPGWAVKAGLATAAAIVKHQGKAAAAAW,61,2,148.0609233530844
DRAMP00173,LVNQLGISKSLANTILGAIAVGNLASWVLALVPGPGWATKAALATAETIVKHEGKAAAIAW,61,2,235.52666084999996
DRAMP00191,GGAGHVPEYFVGIGTPISFYG,21,4,0.03999999999999999
DRAMP00222,GETDPNTQLLNDLGNNMAWGAALGAPGGLGSAALGAAGGALQTVGQGLIDHGPVNVFIPVLIGPSWNGSGSGYNSATSSSGSGS,84,10,0.7622697768770663
DRAMP00336,IPCGESCVWIPCITAIAGCSCKNKVCYT,28,1,18.966815999999998
DRAMP00337,AIPCGESCVWIPCISTVIGCSCSNKVCYR,29,1,20.411787
DRAMP00338,IPCGESCVWIPCISGMFGCSCKDKVCYS,28,1,25.64131250000001
DRAMP00385,QLPICGETCVLGGCYTPNCRCQYPICVR,28,1,7.7267125
DRAMP00431,KTCMTKKEGWGRCLIDTTCAHSCRKYGYMGGKCQGITRRCYCLLNC,46,1,64000.00000000002
DRAMP00764,KSLRPRCWIKIKFRCKSLKF,20,2,18.75
DRAMP00765,RPRCWIKIKFRCKSLKF,17,2,37.5
DRAMP00774,GTRCGETCFVLPCWSAKFGCYCQKGFCYRN,30,1,11.658617
DRAMP00795,GIPCGESCVFIPCITAAIGCSCKSKVCYRN,30,1,3.436130500000001
DRAMP00798,GIPCGESCVFIPCITGAIGCSCKSKVCYRN,30,1,4.0426425
DRAMP01374,GFLDTFKNLALNAAKSAGVSVLNSLSCKLFKTC,33,1,16.32
DRAMP01373,GVLGAVKDLLIGAGKSAAQSVLKTLSCKLSNDC,33,1,8.21
DRAMP01372,AALKGCWTKSIPPKPCFGKR,20,1,3.21
DRAMP01012,RESPSSRMECYEQAERYGYGGYGGGRYGGGYGSGRGQPVGQGVERSHDDNRNQPR,55,1,72000.00000000004
DRAMP01018,SIPCGESCVFIPCTVTALLGCSCKSKVCYKN,31,1,5.04511825
DRAMP18193,KRFKKFFKKVKKSVKKRLKKIFKKPMVIGVTIPF,34,1,0.25
DRAMP01064,AWKLFDDGV,9,1,31.50525000000001
DRAMP01081,GLKDIFKAGLGSLVKGIAAHVAN,23,1,56.99237499999999
DRAMP01083,GLKEIFKAGLGSLVKGIAAHVAN,23,1,57.343125
DRAMP01085,GLKEIFKAGLGSLVKGIAAHVAS,23,1,56.667625000000015
DRAMP01088,GFKEVLKADLGSLVKGIAAHVAN,23,1,500.27529000000004
DRAMP01089,GFKEVLKAGLGSLVKGIPAHVAN,23,1,500.34449500000005
DRAMP01090,FIGKLISAASGLLSHL,16,1,62.47545600000002
DRAMP03017,FMPIIGRLMSGSL,13,3,9.449407874211545
DRAMP01098,GIGAAILSAGKSALKGLAKGLAEHF,25,2,3.801856673228719
DRAMP02090,FLPMLAGLAASMVPKFVCLITKKC,24,1,41.31736000000001
DRAMP01518,GILSLFTGGIKALGKTLFKMAGKAGAEHLACKATNQC,37,1,22.502849999999995
DRAMP01517,GFSSIFRGVAKFASKGLGKDLARLGVNLVACKISKQC,37,1,38.70624999999999
DRAMP01516,GLFSILRGAAKFASKGLGKDLTKLGVDLVACKISKQC,37,1,3.837625
DRAMP02077,FLPIIAGIAAKVFPKIFCAISKKC,24,1,36.11013000000001
DRAMP01162,AGRGKQGGKVRAKAKTRSSRAGLQFPVGRVHRLLRKGNY,39,1,7.999999999999998
DRAMP01163,TRSSRAGLQFPVGRVHRLLRK,21,1,4.0
DRAMP01164,GIGALSAKGALKGLAKGLAEHFAN,24,1,6.884024999999999
DRAMP01167,GILDAIKAIAKAAG,14,1,24.400000000000002
DRAMP01170,NLVSGLIEARKYLEQLHRKLKNCKV,25,1,42.8262575
DRAMP01174,GLLDFVTGVGKDIFAQLIKQI,21,1,145.64511999999993
DRAMP01177,GVVDILKGAAKDIAGHLASKVMNKL,25,1,101.96219999999997
DRAMP01182,GLLDTLKGAAKNVVGSLASKVMEKL,25,1,63.57612499999996
DRAMP01184,GVLDILKGAAKDLAGHVATKVI,22,1,88.67900249999997
DRAMP01185,GVLDILKGAAKDLAGH,16,1,15.936133499999999
DRAMP01188,LALKSGGWLRLFGLKDKKH,19,1,75.86652500000004
DRAMP01189,ATNIPFKVHFRCKAAFC,17,1,23.500000000000004
DRAMP01190,AVNIPFKVHFRCKAAFC,17,1,20.200000000000003
DRAMP01191,GLFSKFAGKGIVNFLIEGVE,20,1,30.5
DRAMP01192,FLPKLFAKITKKNMAHIR,18,1,3.2
DRAMP01194,TSRCIFYRRKKCS,13,1,30.000000000000004
DRAMP01195,FIFPKKNIINSLFGR,15,1,126.0
DRAMP01199,RFIYMKGFGKPRFGKR,16,1,100.00000000000004
DRAMP01200,IPWKLPATFRPVERPFSKPFCRKD,24,1,100.00000000000004
DRAMP01201,AAPRGGKGFFCKLFKDC,17,1,100.00000000000004
DRAMP01208,SIITMTKEAKLPQLWKQIACRLYNTC,26,1,59.999999999999986
DRAMP01209,SIITMTKEAKLPQSWKQIACRLYNTC,26,1,59.999999999999986
DRAMP01218,GFMKYIGPLIPHAVKAISDLI,21,1,14.273843749999997
DRAMP01222,GFMDTAKNVAKNVAVTLIDKLRCKVTGGC,29,1,39.69699499999999
DRAMP01227,ALFSILRGLKKLGNMGQAFVNCKIYKKC,28,1,25.159079999999996
DRAMP01228,ALSILRGLEKLAKMGIALTNCKATKKC,27,1,80.51609999999998
DRAMP01229,ALSILKGLEKLAKMGIALTNCKATKKC,27,1,79.73154000000001
DRAMP01231,GFFSTVKNLATNVAGTVIDTLKCKVTGGCRS,31,1,248.7158699999999
DRAMP01232,GFMDTAKNVAKNVAATLLDKLKCKITGGC,29,1,301.1574999999999
DRAMP01233,GFLSTVKNLATNVAGTVIDTLKCKVTGGCRS,31,1,378.5574
DRAMP01234,GIFPKIIGKGIKTGIVNGIKSLVKGVGMKVFKAGLNNIGNTGCNEDEC,48,1,4.933815000000002
DRAMP01235,GIFPKIIGKGIKTGIVNGIKSLVKGVGMKVFKAGLSNIGNTGCNEDEC,48,1,4.906795000000001
DRAMP01237,GFMDTAKNVAKNVAVTLLDKLKCKITGGC,29,1,303.96249999999986
DRAMP01238,GLWNSIKIAGKKLFVNVLDKIRCKVAGGCKTSPDVE,36,1,24.4982745
DRAMP01244,FFPIGVFCKIFKTC,14,1,49.50225
DRAMP01245,FFPLALLCKVFKKC,14,1,41.428875000000005
DRAMP01246,FGLPMLSILPKALCILLKRKC,21,1,28.297259999999994
DRAMP01249,FLIGMTQGLICLITRKC,17,1,59.999999999999986
DRAMP01250,GLFDVVKGVLKGVGKNVAGSLLEQLKCKLSGGC,33,1,15.0
DRAMP01251,VWPLGLVICKALKIC,15,1,15.0
DRAMP01252,GLFSVVTGVLKAVGKNVAKNVGGSLLEQLKCKKISGGC,38,1,59.999999999999986
DRAMP01254,IIPLPLGYFAKKT,13,1,4.382475
DRAMP01255,SAVGRHGRRFGLRKHRKH,18,1,6.466515
DRAMP01257,GLWSKIKAAGKEAAKAAAKAAGKAALNAVSEAV,33,1,1.8916049999999995
DRAMP01258,ALWKTLLKNVGKAAGKAALNAVTDMVNQ,28,1,7.316087500000001
DRAMP01259,ALWKTMLKKLGTMALHAGKAAFGAAADTISQ,31,1,31.067305499999993
DRAMP01260,ALWKNMLKGIGKLAGQAALGAVKTLVGAES,30,1,3.8955604999999998
DRAMP01261,GLWSKIKEAAKTAGLMAMGFVNDMV,25,1,14.947604
DRAMP01301,FLSLIPHAINAVSAIAKHN,19,1,15.9293625
DRAMP01302,FLSLIPHAINAVSTLVHHF,19,1,127.83629800000001
DRAMP01303,FLSLIPHAINAVSALANHG,19,1,127.60872799999996
DRAMP01305,FLSLIPHAINAVSAIAKHFG,20,1,12.639030000000002
DRAMP01306,FLSLIPHAINAVSAIAKHF,19,1,14.756075999999997
DRAMP01319,RRSRRGRGGGRRGGSGGRGGRGGGGRSGAGSSIAGVGSRGGGGGRHYA,48,1,24.999999999999996
DRAMP01339,FLPIVGKLLSGLSGLL,16,1,3.0000000000000004
DRAMP01341,FLPLAVSLAANFLPKLFCKITKKC,24,1,6.499999999999999
DRAMP01346,VIGSILGALASGLPTLISWIKNR,23,1,59.49662499999998
DRAMP01347,AIGSILGALAKGLPTLISWIKNR,23,2,53.50698243699133
DRAMP01350,FCTMIPIPRCY,11,1,40.0
DRAMP01351,RVCFAIPLPICH,12,1,49.99999999999999
DRAMP01352,RVCYAIPLPICY,12,1,40.0
DRAMP01353,RVCYAIPLPIC,11,1,59.999999999999986
DRAMP01355,FLGGLIKIVPAMICAVTKKC,20,1,32.0
DRAMP03024,LKLKSIVSWAKKVL,14,1,80.65225000000004
DRAMP01358,FLGGLFKLVPSVICAVTKKC,20,1,25.484100000000005
DRAMP01359,FLGGLMKIIPAAFCAVTKKC,20,1,19.005254999999995
DRAMP01362,GLMSVLGHAVGNVLGGLFKS,20,1,49.99999999999999
DRAMP01370,MLCKLSMFGAVLGVPACAIDCLPMGKTGGSCEGGVCGCRKLTFKILWDKKFG,52,1,1.25
DRAMP01371,GLLSGILGAGKHIVCGLTGCAKA,23,1,100.00000000000004
DRAMP00931,TCSYTMEA,8,1,302.0
DRAMP00930,TESYFVFSVGM,11,1,170.00000000000006
DRAMP00929,SVAGRAQGM,9,1,82.00000000000001
DRAMP03542,HKTDSFVGLM,10,1,499.99999999999983
DRAMP02993,YVPLPNVPQPGRRPFPTFPGQGPFNPKIKWPQGY,34,2,15.811388300841893
DRAMP02997,GNNRPVYIPQPRPPHPRL,18,3,1.3572088082974534
DRAMP02840,FKCRRWQWRMKKLGAPSITCVRRAF,25,2,4.898979485566356
DRAMP02246,SMLSVLKNLGKVGLGLVACKINKQC,25,1,3.9258675000000003
DRAMP01394,GLLRASSVWGRKYYVDLAGCAKA,23,1,30.000000000000004
DRAMP01395,VVKCSYRLGSPDSQCN,16,1,35.199999999999996
DRAMP01396,GFMDTAKNVAKNMAGNLLDNLKCKITKAC,29,1,4.999999999999999
DRAMP01397,GFMDTAKNVAKNMAVTLLDNLKCKITKAC,29,1,7.499999999999999
DRAMP01398,GFMDTAKNVAKNEAGNLLDNLKCKITKAC,29,1,12.599999999999996
DRAMP01399,GFMATAKNVAKNMDVTLLDNLKCKITKAC,29,1,8.2
DRAMP18395,FFGHLFRGIINVGKHIHGLLSG,22,1,12.099275000000006
DRAMP01401,GFMNTAKNVAKNVAVTLLDNLKCKITGGC,29,1,6.049130000000001
DRAMP01402,GLFTLIKGAYKLDAPTVACN,20,1,40.20000000000001
DRAMP01403,GLFTLIKGAYKNDAPTVACN,20,1,40.20000000000001
DRAMP01409,GILSGILGVGKKLVCGLSGLC,21,1,7.9498999999999995
DRAMP01410,GILSGILGVGKMLVCGLSGLC,21,1,5.971514999999999
DRAMP01411,GILSGLLGVGKMLVCGLSGLC,21,1,5.971514999999999
DRAMP01412,GLLGSLFGAGKKVACALSGLC,21,1,55.03105999999998
DRAMP01413,GLLGSIFGAGKKIACALSGLC,21,1,27.711949999999998
DRAMP01414,GIFSTVFKAGKGIVCGLTGLC,21,1,51.78762499999999
DRAMP01415,GILGTVFKAGKGIVCGLTGLC,21,1,100.37275
DRAMP01416,GILSTVFKAGKGIVCGLSGLC,21,1,101.17325
DRAMP01417,GLLSGILGAGKHIVCGLSGLC,21,1,49.20987499999999
DRAMP01418,GLFGKILGVGKKVLCGLSGMC,21,1,6.241875
DRAMP01419,GLLSGILGAGKNIVCGLSGLC,21,1,97.26774999999999
DRAMP01420,GLLSGILGAGKHIICGLSGLC,21,1,100.00000000000004
DRAMP01421,GLLSGILGAGKQKVCGLSGLC,21,1,9.37
DRAMP01422,GLLSGVLGVGKKVLCGLSGLC,21,1,4.68
DRAMP01423,GLLSGILGAGKHIVCGLSGLR,21,1,4.68
DRAMP01426,GLLSGVLGVGKKIVCGLSGLC,21,1,5.2
DRAMP01427,GIFGKILGVGKKTLCELSGMC,21,1,6.299999999999999
DRAMP01428,GIFLKVLGVGKKVLCGVSGLC,21,1,10.8
DRAMP01429,GLISGILGVGKKLVCGLSGLC,21,1,11.499999999999998
DRAMP01430,GLISGILGVGKMLVCGLSGLC,21,1,8.599999999999998
DRAMP01431,GLISGLLGVGKMLVCGLSGLC,21,1,10.199999999999998
DRAMP01432,GILGNIVGMGKKIVCGLSGLC,21,1,6.200000000000001
DRAMP01433,GILGNIVGMGKKVVCGLSGLC,21,1,11.3
DRAMP01434,GILSGVLGMGKKIVCGLRGLC,21,1,7.2
DRAMP01435,GILGNIVGMGKQVVCGLSGLC,21,1,5.1
DRAMP01436,GILSGVLGMGKKIVCGLSGLC,21,1,4.4
DRAMP01438,GIFGKILGAGKKVLCGLSGLC,21,2,32.55256
DRAMP01439,GIFGKILGVGKKVLCGLSGMC,21,2,16.645
DRAMP01440,GILSGILGMGKKLVCGLSGLC,21,1,30.293175000000005
DRAMP01441,SILSGNFGVGKKIVCGLSGLC,21,1,51.311625
DRAMP01442,GILSGILGAGKSLVCGLSGLC,21,1,95.91674999999998
DRAMP01443,GILSNVLGMGKKIVCGLSGLC,21,1,144.37955000000005
DRAMP01447,GFSSIFRGVAKFASKGLGKDLAKLGVDLVACKISKQC,37,1,19.217975
DRAMP01452,RISFKKGKGSWIKNGLIKGIKGLGKEISLDVIRTGIDIAGCKIKGEC,47,1,25.150175000000004
DRAMP01456,GLFSILKGVGKIALKGLAKNMGKMGLDLVSCKISKEC,37,1,3.8517749999999995
DRAMP01457,GIFSKFAGKGIKDLIIKGVKGIAKEAGMDVIRTGIDIAGCKIKGEC,46,1,15.202320000000002
DRAMP01458,GIFTLFKGAAKLLGKTLAKEAGKTGLELMACKVTNQC,37,1,10.795805999999997
DRAMP01461,GLFSKFAGKGIKNMIIKGIKGIGKEVGMDVIRTGIDVAGCKIKGEC,46,1,8.129051500000005
DRAMP01462,GLFTLIKGAVKMIGKTVAKEAGKTGLELMACKVTNQC,37,1,4.2390535
DRAMP01469,GIFALIKTAAKFVGKNLLKQAGKAGLEHLACKANNQC,37,1,12.500000000000002
DRAMP01470,GIFSLIKTAAKFVGKNLLKQAGKAGVEHLACKANNQC,37,1,12.500000000000002
DRAMP01471,GLFPKINKKKAKTGVFNIIKTVGKEAGMDLIRTGIDTIGCKIKGEC,46,1,4.935925000000001
DRAMP01472,GIFTKINKKKAKTGVFNIIKTIGKEAGMDVIRAGIDTISCKIKGEC,46,1,4.939915000000002
DRAMP01474,GIFSKINKKKAKTGLFNIIKTVGKEAGMDVIRAGIDTISCKIKGEC,46,1,9.851790000000005
DRAMP01475,GLFPKFNKKKVKTGIFDIIKTVGKEAGMDVLRTGIDVIGCKIKGEC,46,1,14.991045000000002
DRAMP01476,GIFSLIKGAAQLIGKTVAKEAGKTGLELMACKVTKQC,37,1,60.921679999999974
DRAMP01477,GIFSKFGGKAIKNLFIKGAKNIGKEVGMDVIRTGIDVAGCKIKGEC,46,1,57.75294000000002
DRAMP01479,GLFSKLNKKKIKSGLIKIIKTAGKEAGLEALRTGIDVIGCKIKGEC,46,1,121.79787499999999
DRAMP01480,GFFSLIKGVAKIATKGLAKNLGKMGLDLVGCKISKEC,37,1,95.99237500000004
DRAMP01486,GLFSKFAGKGIKNLIFKGVKHIGKEVGMDVIRTGIDVAGCKIKGEC,46,1,29.183010000000007
DRAMP01490,GILSLVKGVAKLAGKGLAKEGGKFGLELIACKIAKQC,37,1,1.4854259999999997
DRAMP01491,GIFSKLAGKKLKNLLISGLKNVGKEVGMDVVRTGIDIAGCKIKGEC,46,1,0.9605570000000003
DRAMP01493,GLFSKFVGKGIKNFLIKGVKHIGKEVGMDVIRVGIDVAGCKIKGVC,46,1,1.2
DRAMP01494,GLFSKFSGKGIKNFLIKGVKHIGKEVGMDVIRTGIDVAGCKIKGEC,46,1,2.5
DRAMP01495,GLFSKFAGKGIKDLIFKGVKHIGKEVGMDVIRVGIDVAGCKIKGVC,46,1,5.4
DRAMP01496,GLFTKFAGKGIKDLIFKGVKHIGKEVGMDVIRVGIDVAGCKIKGVC,46,1,5.6
DRAMP01497,GLFSKFAGKGIKNFLIKGVKHIGKEVGMDVIRVGIDVAGCKIKGVC,46,1,3.4
DRAMP01499,GIFSKISGKAIKNLFIKGAKNVGKEVGMDVVRTGIDVVGCKIKGEC,46,1,8.8
DRAMP01501,GIFSKISGKAIKNLFIKGAKNVGKRVGMDVVRTGMDVVGCKIKGEC,46,1,5.5
DRAMP01502,GIFSKISGKAIKNLFIKGAENVGKHVGIDVVRTGIDVVGCKIKGEC,46,1,8.599999999999998
DRAMP01503,GIFSKISGKAIKNLFIKGAKNVGKEVGIDVVRTGMDVVGCKIKGEC,46,1,4.1
DRAMP01504,GIFTLIKGAAKLIGKTVAKEAGKTGLELMACKITNQC,37,1,8.5
DRAMP01505,GLFTLIKGAAKLIGKTTAKEAGKTGKLEMACKITNQC,37,1,10.8
DRAMP01507,GVFTLIKGATQLIGKTLGKELGKTGLELMACKITNQC,37,1,10.8
DRAMP01508,GVFTLIKGATQLIGKTLGKEVGKTGLELMACKITKQC,37,1,8.100000000000001
DRAMP01509,GVFTLLKGATQLIGKTLGKELGKTGLELMACKITNQC,37,1,7.900000000000002
DRAMP01510,GVFTLIKGATQLIGKTLGKELGKTGLELMACKITEQC,37,1,3.5999999999999996
DRAMP01511,GVFTLIKGATQLIGKTLGKELGKTGLEIMACKITKQC,37,1,15.799999999999997
DRAMP01513,GIFSKLGRKKIKNLLISGLKNVGKEVGMDVVRTGIDIAGCKIKGEC,46,1,0.9775790000000003
DRAMP01520,GLLNTFKDWAISIAKGAGKGVLTTLSCKLDKSC,33,1,100.00000000000004
DRAMP01521,SLFSLIKAGAKFLGKNLLKQGAQYAACKVSKEC,33,1,12.500000000000002
DRAMP01524,SIRDKIKTIAIDLAKSAGTGVLKTLICKLDKSC,33,1,24.999999999999996
DRAMP01525,SIRDKIKTIAIDLAKSAGMGILKTLICKLDKSC,33,1,24.999999999999996
DRAMP01526,SIRDKIKTIAIDLAKSAGTGVLKTLICKLNKSC,33,1,24.999999999999996
DRAMP01539,FKTWKRPPFQTSCWGIIKE,19,1,110.00000000000004
DRAMP01546,SLWETIKNAGKGFIQNLDKIR,21,1,37.5
DRAMP01547,SLWETIKNAGKGFILNILDKIRCKVAGGCKT,31,1,24.999999999999996
DRAMP01550,GLLGAMFKVASKVLPHVVPAITEHF,25,1,66.55587499999996
DRAMP01553,GLLSSLSSVAKHVLPHVVPVIAEHL,25,1,49.99999999999999
DRAMP01574,GLWQKIKSAAGDLASGIVEGIKS,23,1,24.999999999999996
DRAMP01576,GLWQKIKNAAGDLASGIVEGIKS,23,1,49.99999999999999
DRAMP01588,GLFAVIKKVASVIGGL,16,1,100.00000000000004
DRAMP01590,GLFDVIAKVASVIKKL,16,1,90.159095
DRAMP01591,GLFAVIKKVASVIKKL,16,1,90.85233499999997
DRAMP01607,GLFDIIKKIAESF,13,1,11.846200000000001
DRAMP01621,IIGPVLGMVGSALGGLLKKI,20,1,7.358567
DRAMP03722,IFGAIWNGIKSLF,13,3,13.54233442021046
DRAMP01626,IIGPVLGLVGSALGGLLKKI,20,1,9.592125000000001
DRAMP01627,YPPKPESPGEDASPEEMNKYLTALRHYINLVTRQRY,36,1,10.000000000000002
DRAMP01628,GWMSKIASGIGTFLSGMQQ,19,1,19.993349999999996
DRAMP01638,GLWSKIKEAAKAAGKAALNAVTGLVNQGDQPS,32,1,25.556919999999995
DRAMP01639,GLWSTIKNVGKEAAIAAGKAALGAL,25,1,14.46495
DRAMP01643,GLWSTIKQKGKEAAIAAAKAAGQAALGAL,29,1,17.889695999999997
DRAMP01648,GLVTSLIKGAGKLLGGLFGSVTGGQS,26,1,3.6267075000000006
DRAMP01650,ALWKNMLKGIGKLAGQAALGAVKTLVGAE,29,2,7.114914734784212
DRAMP01651,ALWKDILKNVGKAAGKAVLNTVTDMVNQ,28,2,10.168391271375599
DRAMP18385,KKSCHTGLKKSAGWVIPIGTLVKNGIIVR,29,1,99.35215999999997
DRAMP01702,GLWSTIKNVGKEAAIAAGKAVLGSL,25,1,1.2274374999999997
DRAMP01731,FLPIAGKLLSGLSGLL,16,1,1.25
DRAMP01732,FFPIVGKLLFGLSGLL,16,1,1.25
DRAMP01733,FFPIVGKLLSGLSGLL,16,1,2.5
DRAMP01734,FFPIVGKLLFGLFGLL,16,1,4.999999999999999
DRAMP01735,FLPIVGKLLSGLSGLS,16,1,4.999999999999999
DRAMP01736,FFPIVGKLLSGLL,13,1,7.499999999999999
DRAMP01737,FFPIVGKLLFGLL,13,1,15.0
DRAMP01738,FFPIVGKLLS,10,1,30.000000000000004
DRAMP01753,FVDLKKIANIINSIFGK,17,1,192.03150000000002
DRAMP01754,ILPILSLIGGLLGK,14,1,140.68149999999994
DRAMP01755,FLGALAKIISGIF,13,1,134.96850000000006
DRAMP01764,FLPILGKLLSGIL,13,1,138.37849999999995
DRAMP01765,AVDLAKIANKVLSSLF,16,1,63.33843750000002
DRAMP01766,FLPVILPVIGKLLSGIL,17,1,268.84875000000017
DRAMP01768,FLPVILPVIGKLLNGIL,17,1,90.96724999999999
DRAMP18384,KKSCHTGLDRSAGWVIPIGTLVKKAILPWDRK,32,1,100.10713999999994
DRAMP01771,FLPLLASLFSRLL,13,1,104.29194999999997
DRAMP01775,FLSGIVGMLGKLFGK,15,2,15.669649999999997
DRAMP01776,FLPIVTNLLSGLLGK,15,2,259.4489520211287
DRAMP01777,FLSHIAGFLSNLFGK,15,2,113.49008767288885
DRAMP01779,FFFLSRIFGK,10,1,31.538625
DRAMP01780,FLSGIVGMLGKLF,13,1,13.817449999999997
DRAMP01785,IPPFIKKVLTTVF,13,1,37.572374999999994
DRAMP01789,FLSSIGKILGNLL,13,1,54.98739999999999
DRAMP01811,FLKPLFNAALKLLP,14,1,24.200000000000003
DRAMP01812,FLPVLAGVLSRA,12,1,34.50000000000001
DRAMP01816,FLPIIGKLLSGLL,13,1,177.12447999999998
DRAMP01817,FLPLVTGLLSGLL,13,1,171.8636799999999
DRAMP01818,NFLGTLVNLAKKIL,14,1,98.80928000000002
DRAMP03510,KWKLFKKIEKVGQNIRDGIIKAGPAVAVVGQATQIAK,37,1,4.2
DRAMP01391,GCSRWIIGIHGQICRD,16,1,100.00000000000004
DRAMP01832,FLPGLLAGLL,10,1,12.463528499999999
DRAMP01833,RAGLKFPVGRVHRLLR,16,1,18.002928000000004
DRAMP01834,FLNALKNFAKTAGKRLKSLLN,21,1,15.026016000000002
DRAMP01840,GFRDVLKGAAKAFVKTVAGHIAN,23,1,14.224590000000001
DRAMP01842,GFRDVLKGAAKAFVKTVAGHIANI,24,1,14.90355
DRAMP01844,GIKDWIKGAAKKLIKTVASNIANQ,24,1,15.408149999999994
DRAMP01846,GFKDWIKGAAKKLIKTVASSIANQ,24,1,7.7250749999999995
DRAMP01847,GFKDLLKGAAKALVKTVLF,19,1,12.11691
DRAMP01849,DSMGAVKLAKLLIDKMKCEVTKAC,24,1,25.96215
DRAMP01869,FFPIIAGMAAKLIPSLFCKITKKC,24,1,34.338005
DRAMP01870,FLPIIAGMAAKVICAITKKC,20,1,104.58525000000004
DRAMP01872,FFPIIAGMAAKVICAITKKC,20,1,27.634425000000007
DRAMP01873,GIWDTIKSMGKVFAGKILQNL,21,1,30.157075
DRAMP03571,LLGDFFRKSKEKIGKEFKRIVQRIKDFLRNLVPRTES,37,1,33.3
DRAMP01748,FFPIVGKRLYGLL,13,1,70.00000000000003
DRAMP01879,GAFGDLLKGVAKEAGMKLLNMAQCKLSGKC,30,1,100.18921250000002
DRAMP01880,SILDKIKNVALGVARGAGTGILKALLCKLDKSC,33,1,101.10284999999992
DRAMP01888,FFPTIAGLTKLFCAITKKC,19,1,168.20920000000007
DRAMP01889,GIGSILGVIAKGLPTLISWIKNR,23,1,48.1385
DRAMP01890,FLGAIAGVAAKFLPKVFCFITKKC,24,1,64.33087499999999
DRAMP01891,FLPVIASVAAKVLPKVFCFITKKC,24,1,131.16675
DRAMP01892,FLPLIAGVAANFLPKIFCLISKKC,24,1,260.7304999999999
DRAMP01893,FLPLIAGVAASILPKIFCFITKKC,24,1,259.43050000000017
DRAMP01910,GVITDALKGAAKTVAAELLRKAHCKLTNSC,30,2,8.2
DRAMP01911,SIWEGIKNAGKGFLVSILDKVRCKVAGGCNP,31,2,13.859292911256334
DRAMP01913,FLPLLAGLAANFLPKIFCKITKKC,24,1,66.25912500000001
DRAMP01914,GLLDTFKNLALNAAKSAGVSVLNSLSCKLSKTC,33,1,42.099312499999975
DRAMP01918,FLPLIAGLAANFLPKIFCAITKKC,24,1,67.42514999999997
DRAMP01919,FLPVIAGVAAKFLPKIFCAITKKC,24,1,18.054994999999998
DRAMP01920,FLPILAGLAAKIVPKLFCLATKKC,24,1,81.89744
DRAMP01922,GLFNVFKKVGKNVLKNVAGSLMDNLKCKVSGEC,33,1,10.623644999999998
DRAMP01934,GILSTIKDFAIKAGKGAAKGLLEMASCKLSGQC,33,1,9.932925
DRAMP01935,GIFLDKLKNFAKGVAQSLLNKASCKLSGQC,30,1,6.365549999999999
DRAMP01937,GLGSILGKILNVAGKVGKTIGKVADAVGNKE,31,1,12.030099999999997
DRAMP01938,GLGSFLKNAIKIAGKVGSTIGKVADAIGNKE,31,1,15.287774999999998
DRAMP01939,GLGSFFKNAIKIAGKVGSTIGKVADAIGNKE,31,1,12.366300000000003
DRAMP01940,FLPIIAGVAAKVLPKLFCAITKKC,24,1,25.452650000000006
DRAMP01941,FLPVIAGLAAKVLPKLFCAITKKC,24,1,25.452650000000006
DRAMP01942,FLPAIVGAAGQFLPKIFCAISKKC,24,1,138.77297500000006
DRAMP01943,FLPAIVGAAGKFLPKIFCAISKKC,24,1,42.89414500000001
DRAMP01944,FFPIVAGVAGQVLKKIYCTISKKC,24,1,36.59929
DRAMP01949,FLPAVLRVAAKIVPTVFCAISKKC,24,1,61.806119999999986
DRAMP01950,FLPAVLRVAAQVVPTVFCAISKKC,24,1,122.93688
DRAMP01951,FMGGLIKAATKIVPAAYCAITKKC,24,1,59.979000000000006
DRAMP01953,GLLDSLKNLAINAAKGAGQSVLNTLSCKLSKTC,33,1,119.98421999999994
DRAMP01955,GAIKDALKGAAKTVAVELLKKAQCKLEKTC,30,1,56.33612999999998
DRAMP01956,GFKGAFKNVMFGIAKSAGKSALNALACKIDKSC,33,1,30.39331499999999
DRAMP01957,GLLDSFKNAMIGIAKSAGKTALNKIACKIDKTC,33,1,61.65189
DRAMP01959,GFLDSFKNAMIGVAKSVGKTALSTLACKIDKSC,33,1,61.290629999999986
DRAMP01963,FLPAIVGAAAKFLPKIFCAISKKC,24,1,63.43037500000001
DRAMP01965,FLPIIAGIAAKFLPKIFCTISKKC,24,1,65.58362500000003
DRAMP01968,FLPIIAGAAAKVVEKIFCAISKKC,24,2,252.1165
DRAMP01969,FLGSLIGAAIPAIKQLLGLKK,21,1,256.052895
DRAMP01970,FLPFLLSALPKVFCFFSKKC,20,1,37.37528
DRAMP01971,FLPLLLSALPSFLCLVFKKC,20,1,74.34586500000002
DRAMP01974,GIMRVFKGVLKTAGKSVAKNVAGSFLDRLKCKISGGC,37,1,19.203225
DRAMP01994,SLLDTFKNLAVNAAKSAGVSVLNALSCKISRTC,33,1,169.79825
DRAMP01995,SFLTTFKDLAIKAAKSAGQSVLSTLSCKLSNTC,33,1,42.937437499999994
DRAMP01996,SVLGTVKDLLIGAGKSAAQSVLTTLSCKLSNSC,33,1,163.29024999999987
DRAMP02001,FLPLIASLAANFVPKIFCKITKKC,24,1,399.9547499999999
DRAMP02006,GIWDTLKNVGKAVLGKVLENV,21,1,27.04362
DRAMP02009,FLPVLAGIAAKVVPALFCKITKKC,24,1,34.00000000000001
DRAMP02010,GLLDSLKGFAATAGKGVLQSLLSTASCKLAKTC,33,1,4.0
DRAMP02019,GLFDVVKGVLKGAGKNVAGSLLEQLKCKLSGGC,33,1,98.69745
DRAMP02023,GIFDVVKGVLKGVGKNVAGSLLEQLKCKLSGGC,33,1,49.76947499999999
DRAMP18380,SGRGKTGGKARAKAKTRSSRAGLQFPVGRVHRLLRKGNYAQRVGAGAPVY,50,1,3.7058804999999997
DRAMP02025,GLFSVVTGVLKAVGKNVAKNVGGSLLEQLKCKISGGC,37,1,110.26095000000001
DRAMP02026,LLSLALAALPKLFCLIFKKC,20,1,55.14712500000001
DRAMP18379,SGRGKTGGKARAKAKTRSSRAGLQFPVGRVHRLLR,35,1,1.1284184999999998
DRAMP02031,ILPLLLGKVVCAITKKC,17,1,54.37125000000002
DRAMP02032,FLGSIVGALASALPSLISKIRN,22,1,55.69212500000001
DRAMP02033,GIMSLFKGVLKTAGKHVAGSLVDQLKCKITGGC,33,1,10.083165000000001
DRAMP02034,FLPILAGLAAKLVPKVFCSITKKC,24,1,33.29644499999999
DRAMP02035,FLPILAGLAANILPKVFCSITKKC,24,1,64.03062499999999
DRAMP02036,GAFGNFLKGVAKKAGLKILSIAQCKLSGTC,30,1,24.999999999999996
DRAMP02037,GAFGNFLKGVAKKAGLKILSIAQCKLFGTC,30,1,49.99999999999999
DRAMP02038,VIVFVASVAAEMMQHVYCAASKKC,24,1,6.200000000000001
DRAMP18378,ILELAGNAARDNKKTRIIPRHLQL,24,1,6.853087500000002
DRAMP02040,FLPAVIRVAANVLPTAFCAISKKC,24,1,6.599999999999999
DRAMP02041,LPFVAGVAAEMMQHVYCAASKKC,23,1,5.3
DRAMP02042,IDPFVAGVAAEMMQHVYCAASKKC,24,1,9.1
DRAMP02043,INPFVAGVAAEMMQHVYCAASKKC,24,1,8.599999999999998
DRAMP02044,ILPFVAGVAAEMMKHVYCAASKKC,24,1,15.199999999999998
DRAMP02045,IIPFVAGVAAEMMEHVYCAASKKC,24,1,11.1
DRAMP02046,QLPFVAGVACEMCQCVYCAASKKC,24,1,5.700000000000001
DRAMP02047,ILPFVAGVAAEMMEHVYCAASKKC,24,1,13.099999999999998
DRAMP02048,ILPFVAGVAAMEMEHVYCAASKKC,24,1,9.800000000000002
DRAMP02049,FLPAVLLVATHVLPTVFCAITRKC,24,1,3.4
DRAMP02050,LAFVAGVAAEMMQHVYCAASKKC,23,1,6.200000000000001
DRAMP02051,ILPFVAGVAAEMMQHVYCAASKKC,24,1,5.8
DRAMP02052,SFLDTLKNLAISAAKGAGQSVLSTLSCKLSKTC,33,1,13.099999999999998
DRAMP02053,SVLGTVKDLLIGAGKSAAQSVLTALSCKLSNSC,33,1,5.5
DRAMP02054,GILDTFKNMALNAAKSAGVSVLNALSCKLSKTC,33,1,12.1
DRAMP02055,GLLDTFKNMALNAAKSAGVSVLNALSCKLSKTC,33,1,13.2
DRAMP02056,GLLDTFKNMAINAAHGAGVSVLNALSCKLKKTC,33,1,6.299999999999999
DRAMP02057,GLLDTFKNLAINAAESAGVSVLNSLSCKLSKTC,33,1,19.999999999999996
DRAMP02058,GLLDGILNANFNAAKSAGTSVLNALSCKLSKTC,33,1,30.600000000000005
DRAMP02059,GVLATVKNLLIGTGDGAAQSVLKTLSCKLSNDC,33,1,11.199999999999998
DRAMP02060,GVLGTVKDLLIGAGKSAAQSTLKTLSCKISNDC,33,1,5.8
DRAMP02061,GVLATVKNLLNGTGDGAAQSVLKTLSCKLSNDC,33,1,7.900000000000002
DRAMP02062,GLLDTIKNMALNAAKSAGVSVLNSLSCKLSKTC,33,1,12.1
DRAMP02063,GLIDTIKNMALNAAKSAGVSVLNTLSCKLSKTC,33,1,20.599999999999998
DRAMP02064,SVLGTVKDLLIGAGKSAAQSVLTANSCKLSNSC,33,1,11.8
DRAMP02065,SFLDTLKNLAISAAKGAGQSVLSTLSCKLSETC,33,1,13.2
DRAMP02066,GLLDTIKNMALNAAKSAGVSVLNSLSCKDSKTC,33,1,5.8
DRAMP02067,GLLDTIKNMALNAAKSAGVSVLNTLSCKLSKTC,33,1,8.599999999999998
DRAMP02068,SFLSTFKELAINAAKNAGQSILHTLSCKLDKTC,33,1,20.4
DRAMP02069,SFLSTFKELAINAAKNAGQSLLHTLSCKLDKTC,33,1,15.799999999999997
DRAMP02070,SVMGTVKDLLIGAGKSAAQSVLKSLSCKISNDC,33,1,4.7
DRAMP02071,SVMGTVKDLLIGAGKSAAQSVLKSLSCKLSNDC,33,1,6.599999999999999
DRAMP02072,SVMGTVKDLLIGAGKSAAQSVLKALSCKLSKDC,33,1,10.5
DRAMP02073,FLPAVIRVAANVLPTVFCAISKKC,24,1,127.99999999999997
DRAMP02075,FLPAVLRVAAKVVPTVFCLISKKC,24,1,127.99999999999997
DRAMP02078,FLPVVAGLAAKVLPSIICAVTKKC,24,1,109.89427500000004
DRAMP02778,AHCLAIGRK,9,1,24.999999999999996
DRAMP02084,GIMDTLKNLAKTAGKGALQSLLNKASCKLSGQC,33,1,1.6819874999999995
DRAMP02114,AWLDKLKSLGKVVGKVALGVAQNYLNPQQ,29,1,15.693374999999998
DRAMP02125,IFGAILPLALGALKNLIK,18,1,59.69199999999999
DRAMP02127,GLLGGLLGPLLGGGGGGGGGLL,22,1,88.10324999999997
DRAMP02129,FIKELLPHLSGIIDSVANAIK,21,1,250.65974999999986
DRAMP02130,GFLGPLLKLAAKGVAKVIPHLIPSRQQ,27,1,17.115029999999997
DRAMP02131,GVWSTVLGGLKKFAKGGLEAIVNPK,25,1,20.560359999999996
DRAMP02133,GVFLDALKKFAKGGMNAVLNPK,22,1,41.73830999999999
DRAMP02135,GFLGSLLKTGLKVGSNLL,18,2,9.953132156600253
DRAMP02136,GLLGPLLKIAAKVGSNLL,18,2,9.734207450365437
DRAMP02219,GILSSFKGVAKGVAKNLAGKLLDELKCKITGC,32,1,16.314674999999994
DRAMP02220,GIMDTVKNVAKNLAGQLLDKLKCKITAC,28,1,74.740375
DRAMP02221,GIMDTVKNAAKDLAGQLLDKLKCRITGC,28,1,8.929634999999996
DRAMP02222,GLLDTIKNTAKNLAVGLLDKIKCKMTGC,28,1,8.887755
DRAMP02223,GIMDSVKNVAKNIAGQLLDKLKCKITGC,28,1,47.38504
DRAMP02224,GIMDSVKNAAKNLAGQLLDTIKCKITAC,28,1,73.01187499999999
DRAMP02225,GIMDTVKNAAKDLAGQLDKLKCRITGC,27,1,65.857855
DRAMP03002,GIGAVLKVLTTGLPALISWIKRKRQQ,26,2,4.026923621382705
DRAMP02237,GLMDTIKGVAKTVAASWLDKLKCKITGC,28,1,147.5782499999999
DRAMP02238,GLADYWRTAFRANFANLGPGIRCKSARC,28,1,6.23119
DRAMP02239,SMISVLKNLGKVGLGFVACKVNKQC,25,1,9.2303225
DRAMP02241,GLLLDTLKGAAKDIAGIALEKLKCKITGCKP,31,1,60.47500499999998
DRAMP01390,TSRCYIGYRRKVVCS,15,1,17.500000000000004
DRAMP01389,FLPPSPWKETFRTS,14,1,42.50000000000001
DRAMP02251,GILSSFKGVAKGVAKDLAGKLLETLKCKITGC,32,1,16.249674999999996
DRAMP02252,GLLDAIKDTAQNLFANVLDKIKCKFTKC,28,1,155.58425000000003
DRAMP01108,GIGTKILGGVKTALKGALKELASTYVN,27,1,19.499999999999996
DRAMP03998,RKKWFW,6,1,152.02320000000003
DRAMP01107,GIGTKILGGVKTALKGALKELASTYAN,27,1,19.499999999999996
DRAMP02268,GWASKIGQTLGKIAKVGLKELIQPK,25,1,15.999999999999998
DRAMP02269,GVLSNVIGYLKKLGTGALNAVLKQ,24,1,62.00000000000001
DRAMP02271,GIGKFLHSAKKFGKAFVGEIMNS,23,2,15.811388300841893
DRAMP02272,GMASKAGAIAGKIAKVALKAL,21,1,62.00000000000001
DRAMP02273,KIAKVALKAL,10,1,23.600000000000005
DRAMP02275,GALRGCWTKSYPPKPCK,17,1,56.76795000000001
DRAMP02288,FIGPVLKIAAGILPTAICKIFKKC,24,1,18.75
DRAMP02290,FLGPIIKIATGILPTAICKFLKKC,24,1,37.5
DRAMP02291,SLFSLIKAGAKFLGKNLLKQGACYAACKASKQC,33,1,24.999999999999996
DRAMP02292,GIMSIVKDVAKNAAKEAAKGALSTLSCKLAKTC,33,1,74.99999999999997
DRAMP02293,GIMSIVKDVAKTAAKEAAKGALSTLSCKLAKTC,33,1,74.99999999999997
DRAMP02294,GILDTLKQFAKGVGKDLVKGAAQGVLSTVSCKLAKTC,37,1,74.99999999999997
DRAMP02295,FLGALFKVASKVLPSVFCAITKKC,24,1,49.99999999999999
DRAMP02296,FLPLLAGLAANFLPTIICKISYKC,24,1,49.99999999999999
DRAMP02314,RCRFCCRCCPRMRGCGICCRF,21,1,60.725159999999995
DRAMP02315,FFGWLIKGAIHAGKAIHGLIHRRRH,25,1,0.7231137499999999
DRAMP02316,FFGWLIRGAIHAGKAIHGLIHRRRH,25,1,0.7301187499999998
DRAMP02317,FIGLLISAGKAIHDLIRRRH,20,1,0.57169125
DRAMP02318,FIGGIISFFKRLF,13,1,49.99999999999999
DRAMP02320,FIGGIISFIKKLF,13,1,49.99999999999999
DRAMP02321,NWRKILGQIASVGAGLLGSLLAGYE,25,1,49.99999999999999
DRAMP02324,AEVAPAPAAAAPAKAPKKKAAAKPKKAGPS,30,1,5.588690000000001
DRAMP02330,FFHHIFRGIVHVGKTIHRLVTG,22,2,9.093552305084769
DRAMP02331,FFHHIFRGIVHVGKTIHKLVTG,22,2,8.994486645040533
DRAMP02336,KAVAAKKSPKKAKKPATPKKAAKSPKKVKKPAAAAKKAAKSPKKATKAAKPKAAKPKAAKAKKAAPKKK,69,1,2.8134940000000004
DRAMP02337,PKRKSATKGDEPARRSARLSARPVPKPAAKPKKAAAPKKAVKGKKAAENGDAKAEAKVQAAGDGAG,66,1,1.6606687500000001
DRAMP02347,GKGRWLERIGKAGGIIIGGALDHL,24,3,32.0
DRAMP02348,WLRRIGKGVKIIGGAALDHL,20,3,63.99999999999998
DRAMP02349,GRRKRKWLRRIGKGVKIIGGAALDHL,26,3,3.1748021039363987
DRAMP02350,GWGSFFKKAAHVGKHVGKAALTHYL,25,1,5.964518999999999
DRAMP02351,FFRLLFHGVHHVGKIKPRA,19,3,32.0
DRAMP02352,GWKKWLRKGAKHLGQAAIK,19,3,1.0
DRAMP02354,FFRLLFHGVHHGGGYLNAA,19,1,63.99999999999998
DRAMP02357,FLGALIKGAIHGGRFIHGMIQNHH,24,3,63.99999999999998
DRAMP02358,GWGSIFKHGRHAAKHIGHAAVNHYL,25,3,3.1748021039363987
DRAMP02359,RWGKWFKKATHVGKHVGKAALTAYL,25,3,4.0
DRAMP02360,GWKSVFRKAKKVGKTVGGLALDHYLG,26,3,6.3496042078727974
DRAMP02361,GWKKWFNRAKKVGKTVGGLAVDHYLG,26,3,3.1748021039363987
DRAMP02362,GWRTLLKKAEVKTVGKLALKHYL,23,3,2.5198420997897464
DRAMP02363,AGWGSIFKHIFKAGKFIHGAIQAHND,26,3,15.999999999999998
DRAMP02364,GFWGKLFKLGLHGIGLLHLHL,21,3,7.999999999999998
DRAMP02365,GWKKWLRKGAKHLGQAAIKGLAS,23,3,1.5874010519681994
DRAMP02366,GWKKWFTKGERLSQRHFA,18,3,63.99999999999998
DRAMP02367,FLGLLFHGVHHVGKWIHGLIHGHH,24,3,25.398416831491186
DRAMP02368,GFLGILFHGVHHGRKKALHMNSERRS,26,3,63.99999999999998
DRAMP02374,GCRFCCNCCPNMSGCGVCCRF,21,1,24.901305000000008
DRAMP02376,LFGFLIKLIPSLFGALSNIGRNRNQ,25,1,49.99999999999999
DRAMP02377,LFGFLIPLLPHIIGAIPQVIGAIR,24,1,49.99999999999999
DRAMP02378,WWRELLKKLAFTAAGHLGSVLAAKQSGW,28,1,49.99999999999999
DRAMP02379,IGGIISFFKRLF,12,1,12.500000000000002
DRAMP02380,NWRKILGKIAKVAAGLLGSMLAGYQV,26,1,12.500000000000002
DRAMP02390,RPRPNYRPRPIYRP,14,1,3.8999999999999995
DRAMP02391,GWFKKAWRKVKHAGRRVLDTAKGVGRHYLNNWLNRYRG,38,1,7.999999999999998
DRAMP02393,GFFKKAWRKVKHAGRRVLDTAKGVGRHYVNNWLNRYRZ,38,1,7.999999999999998
DRAMP02394,GWFKKAWRKVKNAGRRVLKGVGIHYGVGLIZ,31,1,7.999999999999998
DRAMP02395,AACSDRAHGHICESFKSFCKDSGRNGVKLRANCKKTCGLC,40,1,7.660000000000002
DRAMP02397,AVPDVAFNAYG,11,1,76.8
DRAMP02402,FLPKMSTKLRVPYRRGTKDYH,21,2,13.693063937629157
DRAMP02403,GILKKFMLHRGTKVYKMRTLSKRSH,25,1,4.999999999999999
DRAMP02409,GCLEFWWKCNPNDDKCCRPKLKCSKLFKLCNFSF,34,1,32.823159999999994
DRAMP02410,FSKYERQKDKRPYSERKNQYTGPQFLYPPERIPPQKVIKWNEEGLPIYEIPGEGGHAEPAAA,62,1,12.0
DRAMP02412,SYVGDCGSNGGSCVSSYCPYGNRLNYFCPLGRTCCRHAYV,40,1,20.78815199999999
DRAMP02419,YENPYGCPTDEGKCFDRCNDSEFEGGYCGGSYRATCVCYRT,41,1,138.54044999999994
DRAMP02421,ACHAHCQSVGRRGGYCGNFRMTCYCY,26,1,10000.00000000001
DRAMP02422,NCIQQCVSKGAQGGYCTNEKCTCY,24,1,10000.00000000001
DRAMP02423,DFGCARGMIFVCMRRCARMYPGSTGYCQGFRCMCDTMIPIRRPPFIMG,48,1,28.099999999999998
DRAMP02425,QLKVDLWGTRSGIQPEQHSSGKSDVRRWRSRY,32,1,15.0
DRAMP02430,GLHKVMREVLGYERNSYKKFFLR,23,1,30.000000000000004
DRAMP02432,PDPGQPWQVKAGRPPCYSIPCRKHDECRVGSCSRCNNGLWGDRTCR,46,2,3.6660605559646724
DRAMP02434,FSRYARMRDSRPWSDRKNNYSGPQFTYPPEKAPPEKLIKWNNEGSPIFEMPAEGGHIEP,59,1,19.999999999999996
DRAMP02446,YSKSLPLSVLNP,12,1,7.999999999999998
DRAMP02473,KFFRKLKKSVKKRAKEFFKKPRVIGVSIPF,30,7,1.1783106051081476
DRAMP02474,KFFRKLKKSVKKRAK,15,5,18.72995733892972
DRAMP02478,IKFEPPLPPKKAHKKFWEDDGIYYPPNHNFP,31,1,15.005299999999995
DRAMP02520,KRFKKFFKKLKNSVKKRAKKFFKKPRVIGVSIPF,34,3,9.864848297321878
DRAMP02522,HVINLEESFQEPEYENHLA,19,2,1.3002138071101996
DRAMP18370,RERSKGSKYLYVG,13,1,125.00000000000004
DRAMP02584,HSSGYTRPLPKPSRPIFIRPIGCDVCYGIPSSTARLCCFRYGDCCHR,47,1,116.34073
DRAMP02586,QRGGFTGPIPRPPPHGRPPLGPICNACYRLSFSDVRICCNFLGKCCHLVK,50,1,219.2218000000001
DRAMP02603,AALRGALRAVARVGKAILPHVAIANPYVRTPYVHNNP,37,2,6.21677331077642
DRAMP02609,RLGDILQKAREKIEGGLKKLVQKIKDFFGKFAPRTES,37,4,33.9682
DRAMP02650,APIIRRIPYYPEVESDLRIVDCKRSEGFCQEYCNYLETQVGYCSKKKDACCLH,53,1,49.99999999999999
DRAMP02727,SLGNFFRKARKKIGEEFKRIVQRIKDFLQHLIPRTEA,37,4,30.07916749633487
DRAMP02740,YDLSKNCRLRGGICYIGKCPRRFFRSGSCSRGNVCCLRFG,40,1,2.9577502500000006
DRAMP02768,GLGSVFGRLARILGRVIPKVAKKLGPKVAKVLPKVMKEAIPMAVEMAKSQEEQQPQ,56,2,17.11878647194946
DRAMP02777,SLQPGAPNFPMPGSQLPTSITSNIEKQGPNTAATINAQHKTDRYDVGATWSKVIRGPGRSKPNWSIGGTYRW,72,1,1.0
DRAMP01623,LIGPVLGLVGSALGGLLKKI,20,1,9.20844
DRAMP02779,VTCDLLSFEAKGFAANHSICAAHCLAIGRKGGSCQNGVCVCRN,43,1,177.0446
DRAMP02811,GFGCPNNYQCHRHCKSIPGRCGGYCGGWHRLRCTCYRC,38,2,5.221229999999999
DRAMP02813,FHPSLWVLIPQYIQLIRKILKSG,23,1,137.51874999999998
DRAMP02817,VDKGSYLPRPTPPRPIYNRN,20,1,0.7022054999999998
DRAMP01381,GLFTLIKGAAKLIGKTVPKKQARLGMNLWLVKLPTNVKT,39,1,4.68
DRAMP01383,ATAWDFGPHGLLPIRPIRIRPLCGKDKS,28,1,9.37
DRAMP02841,RQKDKRPYSERKNQYTGPQFLYPPERIPPQKVIK,34,1,7.999999999999998
DRAMP02843,ILKKWPWWPWRRKX,14,1,7.999999999999998
DRAMP02845,ICLKKWPWWPWRRCKX,16,1,15.999999999999998
DRAMP02851,RLCRIVVIRVCR,12,1,7.999999999999998
DRAMP02854,GGLRSLGRKILRAWKKYGPIIVPIIRIG,28,3,3.945940436560504
DRAMP02855,GRFKRFRKKFKKLFKKLSPVIPLLHLG,27,3,0.6299605249474366
DRAMP02858,DFASCHTNGGICLPNRCPGHMIQIGICFRPRVKCCRSW,38,1,10.000000000000002
DRAMP02859,VRNHVTCRINRGFCVPIRCPGRTRQIGTCFGPRIKCCRSW,40,1,10.000000000000002
DRAMP02860,EGVRNHVTCRINRGFCVPIRCPGRTRQIGTCFGPRIKCCRSW,42,1,10.000000000000002
DRAMP02861,QRVRNPQSCRWNMGVCIPFLCRVGMRQIGTCFGPRVPCCRR,41,1,10.000000000000002
DRAMP02862,QVVRNPQSCRWNMGVCIPISCPGNMRQIGTCFGPRVPCCRRW,42,1,10.000000000000002
DRAMP02863,QGVRNHVTCRIYGGFCVPIRCPGRTRQIGTCFGRPVKCCRRW,42,1,10.000000000000002
DRAMP02865,VRNFVTCRINRGFCVPIRCPGHRRQIGTCLGPQIKCCR,38,1,10.000000000000002
DRAMP02866,QGVRNFVTCRINRGFCVPIRCPGHRRQIGTCLAPQIKCCR,40,1,10.000000000000002
DRAMP02867,QGVRSYLSCWGNRGICLLNRCPGRMRQIGTCLAPRVKCCR,40,1,10.000000000000002
DRAMP02868,GPLSCRRNGGVCIPIRCPGPMRQIGTCFGRPVKCCRSW,38,1,10.000000000000002
DRAMP02869,GPLSCGRNGGVCIPIRCPVPMRQIGTCFGRPVKCCRSW,38,1,10.000000000000002
DRAMP02870,SGISGPLSCGRNGGVCIPIRCPVPMRQIGTCFGRPVKCCRSW,42,1,10.000000000000002
DRAMP02872,GRFKRFRKKFKKLFKKLS,18,3,7.438386715407265
DRAMP02873,GGLRSLGRKILRAWKKYG,18,3,1.2973942517213715
DRAMP02877,GGLRSLGRKILRAWKKYGPQATPATRQ,27,2,2.1287697134994428
DRAMP02878,NPVSCVRNKGICVPIRCPGSMKQIGTCVGRAVKCCRKK,38,1,12.0
DRAMP02903,ILGPILGLVSNALGGLL,17,1,5.9940185
DRAMP02912,RGLRRLGRKIAHGVKKYGPTVLRIIRIAG,29,4,0.361053597896635
DRAMP02913,GLFGRLRDSLQRGGQKILEKAERIWCKIKDIFRG,34,4,2.7580820937170687
DRAMP02922,KCWNLRGSCREKCIKNEKLYIFCTSGKLCCLKPK,34,2,31.62277660168379
DRAMP02923,KCWNLRGSCREKCIKNEKLYIFCTSGKLCCLKPKFQPNMLQR,42,1,19.999999999999996
DRAMP02925,RLKELITTGGQKIGEKIRRIGQRIKDFFKNLQPREEKS,38,1,5.64035625
DRAMP02931,SPRVSRRYGRPFGGRPFVGGQFGGRPGCVCIRSPCPCANYG,41,1,218.65375000000006
DRAMP02933,RRWCFRVCYRGFCYRKCR,18,2,0.7071067811865476
DRAMP02934,RRWSFRVSYRGFSYRKSR,18,2,4.0
DRAMP02953,SRWPSPGRPRPFPGRPKPIFRPRPCNCYAPPCPCDRW,37,1,54.36456249999999
DRAMP02956,SHQDCYEALHKCMASHSKPFSCSMKFHMCLQQQ,33,2,28.2842712474619
DRAMP02959,RRRPRPPYLPRPRPPPFFPPRLPPRIPPGFPPRFPPRFP,39,2,1.4162414999999995
DRAMP02960,RIIDLLWRVRRPQKPKFVTVWVR,23,2,8.379568910451184
DRAMP02961,GLLSRLRDFLSDRGRRLGEKIERIGQKIKDLSEFFQS,37,3,6.929092898899047
DRAMP02228,SMLSVLKNLGKVGLGFVACKINKQC,25,1,5.302529999999999
DRAMP02963,GRFRRLRKKTRKRLKKIGKV,20,2,30.301980000000004
DRAMP02964,GRFRRLRKKTRKRLKKIGKVLKWIPPIVGSIPLG,34,4,3.3610755852153256
DRAMP02965,GRFRRLRKKTRKRLKKIGKVLKWIPPIVGSIPLGC,35,4,2.437966749306991
DRAMP02966,KQATVGDINTERPGILDLKGKAKWDAWNGLKGTSKEDAMKAYINKVEELKKKYGI,55,1,184.50195000000005
DRAMP02970,RGGRLCYCRRRFCVCVGR,18,1,63.99999999999998
DRAMP02980,GLICESCRKIIQKLEDMVGPQPNEDTVTQAASRVCDKMKILRGVCKKIMRTFLRRISKDILTGKKPQAICVDIKICKE,78,4,55.5229098987828
DRAMP03028,IDWKKLLDAAKQIL,14,1,124.12537500000008
DRAMP03721,ILGKIWEGIKSLF,13,1,49.99999999999999
DRAMP01377,FMPILSCSRFKRC,13,1,4.68
DRAMP02995,QERGSIVIQGTKEGKSRPSLDIDYKQRVYDKNGMTGDAYGGLNIRPGQPSRQHAGFEFGKEYKNGFIKGQSEVQRGPGGRLSPYFGINGGFRF,93,2,7.273643298073706
DRAMP02996,GNNRPIYIPQPRPPHPRL,18,1,0.2
DRAMP02441,VXLFPVXLFP,10,1,12.500000000000002
DRAMP02998,GNNRPVYIPQPRPPHPRI,18,1,0.10000000000000002
DRAMP02999,PFKISIHL,8,1,2.5
DRAMP03000,TPFKISIHL,9,1,15.0
DRAMP03001,EPFKISIHL,9,1,15.0
DRAMP03057,GSKKPVPIIYCNRRTGKCQRM,21,3,0.9207332943289996
DRAMP03003,GFLSILKKVLPKVMAHMK,18,1,4.08129
DRAMP03007,GFLSALKKYLPIVLKHV,17,1,6.020046875000002
DRAMP03019,INWLKLGKKILGAL,14,1,24.288112500000004
DRAMP03020,INWKKIFEKVKNLV,14,1,13.193587499999998
DRAMP03021,INWKKIASIGKEVLKAL,17,1,49.31270100000002
DRAMP03022,INWLKLGKKMMSAL,14,1,106.15052499999997
DRAMP03033,INWKGIAAMAKKLL,14,1,7.499999999999999
DRAMP03034,INWKGIAAMKKLL,13,1,15.0
DRAMP03035,INLKAIAALAKKLLG,15,1,6.0
DRAMP03036,INLKAIAAMAKKLL,14,1,3.0000000000000004
DRAMP03037,LNLKGIFKKVASLLT,15,2,9.870269999999994
DRAMP03038,LNLKGLIKKVASLLN,15,1,48.720749999999995
DRAMP03039,LNLKGLFKKVASLLT,15,1,49.35135
DRAMP03040,FDVMGIIKKIAGAL,14,1,44.27564999999999
DRAMP03041,FDIMGLIKKVAGAL,14,1,44.27564999999999
DRAMP03042,INLLKIAKGIIKSL,14,2,31.62277660168379
DRAMP03043,INWLKLGKAIIDAL,14,1,382.00000000000006
DRAMP03044,ILGTILGLLKGL,12,1,24.999999999999996
DRAMP03045,VTCELLMFGGVVGDSACAANCLSMGKAGGSCNGGLCDCRKTTFKELWDKRFG,52,1,10.061251500000001
DRAMP03050,INWKKIAEVGGKILSSL,17,1,7.999999999999998
DRAMP03051,INWKKIAEIGKQVLSAL,17,1,7.999999999999998
DRAMP03052,GAARKSIRLHRLYTWKATIYTR,22,1,44.4576545
DRAMP03054,GKWGWIYITILFADVGGFKSSRHPEERRVQERRFKRITRGPD,42,1,84.28147649999994
DRAMP03055,YVPPVQKPHPNGPKFPTFP,19,1,50.03709949999999
DRAMP03056,SLLSLIRKLIT,11,2,142.16749531281752
DRAMP03819,RRWWRF,6,1,6.338965500000001
DRAMP03820,RRYYRF,6,1,96.0125
DRAMP03821,KKWWKF,6,1,23.053125
DRAMP03069,DLHIPPPDNKINWPQLSGGGGGSPKTGYDININAQQK,37,1,6.250000000000001
DRAMP03075,WNPFKELERAGQRVRDAIISAGPAVATVAQATALAK,36,2,1.0612951103022958
DRAMP03089,GWLKKIGKKIERVGQHTRDATIQGLGIAQQAANVAATAR,39,1,1.2470324999999998
DRAMP03090,GWLRKLGKKIERIGQHTRDASIQVLGIAQQAANVAATAR,39,1,7.608392999999998
DRAMP03095,VFIDILDKVENAIHNAAQVGIGFAKPFEKLINPK,34,1,525.0552999999995
DRAMP18495,QCRRLCYKQRCVTYCRGR,18,4,1.2969780864794906
DRAMP03104,ATCDLLSGTGINHSACAAHCLLRGNRGGYCNGKAVCVCRN,40,1,78.0
DRAMP03116,SLGGVISGAKKVAKVAIPIGKAVLPVVAKLVG,32,2,25.074955479587597
DRAMP03117,QSEAGWLKKIGKKIERVGQHTRDATIQGLGVAQQAPNVAATAR,43,4,0.5764320041185363
DRAMP03138,GGLKKLGKKLEGAGKRVFNAAEKALPVVAGAKAL,34,4,0.19881768219176268
DRAMP03140,GRLKKLGKKIEGAGKRVFKAAEKALPVVAGVKALG,35,4,0.451342526533678
DRAMP03150,MVFAYAPTCARCKSIGARYCGYGYLNRKGVSCDGQTTINSCEDCKRKFGRCSDGFITECFL,61,1,42.29259375000002
DRAMP03153,GIGGKPVQTAFVDNDGIYD,19,1,4.999999999999999
DRAMP03166,IRNSLTCRFNFGICLPKRCPGRMRQIGTCF,30,1,0.3
DRAMP03173,RWCVYAYVRVRGVLVRYRRCW,21,3,176.36755471131102
DRAMP03176,SWLSKTAKKLENSAKKRISEGIAIAIQGGPR,31,10,1.851105812972794
DRAMP03181,HVDKKVADKVLLLKQLRIMRLLTRL,25,2,9.002295000000002
DRAMP03186,SFGLCRLRRGFCARGRCRFPSIPIGRCSRFVQCCRRVW,38,2,4.937691469781197
DRAMP03190,RLGNFFRKAKKKIGRGLKKIGQKIKDFLGNLVPRTES,37,3,2.6729823536018436
DRAMP03196,RCVCRRGVCRCVCTRGFC,18,2,3.5984654565349103
DRAMP03197,RCVCTRGFCRCVCTRGFC,18,2,4.004224119162351
DRAMP03198,ACYCRIPACFAGERRYGTCFYLGRVWAFCC,30,2,14.394854925365307
DRAMP03215,ZCRRLCYKQRCVTYCRGR,18,5,1.9027502938503402
DRAMP03216,GIRCPKSWKCKAFKQRVLKRLLAMLRQHAF,30,1,1.8072474999999997
DRAMP03217,FRGLAKLLKIGLKSFARVLKKVLPKAAKAGKALAKSMADENAIRQQNQ,48,1,8.35412
DRAMP03222,GFGALFKFLAKKVAKTVAKQAAKQGAKYVVNKQME,35,1,1.17786205
DRAMP03225,GFGSLFKFLAKKVAKTVAKQAAKQGAKYVANKHME,35,1,0.3037212
DRAMP03226,SMWSGMWRRKLKKLRNALKKKLKGE,25,2,2.571721406260309
DRAMP03227,GLFGKLIKKFGRKAISYAVKKARGKH,26,2,2.428451743316614
DRAMP03229,SWKSMAKKLKEYMEKLKQRA,20,2,9.620587456562882
DRAMP03230,SWASMAKKLKEYMEKLKQRA,20,2,61.588705866261705
DRAMP03231,GLKDKFKSMGEKLKQYIQTWKAKF,24,2,11.017875007896944
DRAMP03232,SLKDKVKSMGEKLKQYIQTWKAKF,24,2,12.695958000000001
DRAMP03233,GFFGKMKEYFKKFGASFKRRFANLKKRL,28,2,2.0586990000000003
DRAMP03236,GFFGNTWKKIKGKADKIMLKKAVKIMVKKEGISKEEAQAKVDAMSKKQIRLYLLKYYGKKALQKASEKL,69,3,4.808342568519509
DRAMP03253,GKLQAFLAKMKEIAAQTL,18,1,6.276464
DRAMP03254,GRLQAFLAKMKEIAAQTL,18,1,6.246763099999999
DRAMP03278,IWLTALKFLGKHAAKHLAKQQLSKL,25,2,80.45361961391168
DRAMP03279,KIKWFKTMKSIAKFIAKEQMKKHLGGE,27,2,64.13869999999997
DRAMP03280,ATYDGKCYKKDNICKYKAQSGKTAICKCYVKVCPRDGAKCEFDSYKGKCYC,51,1,30.000000000000004
DRAMP03285,LFCRKGTCHFGGCPAHLVKVGSCFGFRACCKWPWDV,36,2,2.536138797463577
DRAMP03286,APGNKAECEREKGYCGFLKCSFPFVVSGKCSRFFFCCKNIW,41,1,0.96
DRAMP03287,IPRPLDPCIAQNGRCFTGICRYPYFWIGTCRNGKSCCRRR,40,1,2.41
DRAMP03288,LPVNEAQCRQVGGYCGLRICNFPSRFLGLCTRNHPCCSRVWV,42,1,12.030000000000001
DRAMP03311,RGFRKHFNKLVKKVKHTISETAHVAKDTAVIAGSGAAVVAAT,42,5,0.8390618499999999
DRAMP03312,VDKPDYRPRPRPPNM,15,1,91.90725000000003
DRAMP03370,QLINSPVTCMSYGGSCQRSCNGGFRLGGHCGHPKIRCCRRK,41,1,19.999999999999996
DRAMP03405,GLLRKGGEKIGEKLKKIGQKIKNFFQKLVPQPE,33,3,9.450705592892936
DRAMP03406,ISRLAGLLRKGGEKIGEKLKKIGQKIKNFFQKLVPQPE,38,3,10.81310862098626
DRAMP03463,GLVRKGGEKFGEKLRKIGQKIKEFFQKLALEIEQ,34,4,3.0069996158328176
DRAMP03464,GLLNGLALRLGKRALKKIIKRLCR,24,1,3.1200000000000006
DRAMP03471,GFGCPGNQLKCNNHCKSISCRAGYCDAATLWLRCTCTDCNGKK,43,1,162.481375
DRAMP03472,MQIFVKTLTGKTITLEVEPSDTIENVKAKIQDKEGIPPDQQRLIFAGKQLEDGRTLSDYNIQKESTLHLVLRLR,74,2,4.471708641141885
DRAMP03486,GKIPVKAIKQAGKVIGKGLRAINIAGTTHDVVSFFRPKKKKH,42,1,6.250000000000001
DRAMP03507,KWKIFKKIEKVGRNIRNGIIKAGPAVAVLGEAKAL,35,2,1.254606169828086
DRAMP03513,KVNVNAIKKGGKAIGKGFKVISAASTAHDVYEHIKNRRH,39,1,42.43895
DRAMP03514,GKIPVKAIKKGGQIIGKALRGINIASTAHDIISQFKPKKKKNH,43,1,463.35550000000023
DRAMP03515,KVPIGAIKKGGKIIKKGLGVIGAAGTAHEVYSHVKNRH,38,1,39.33665
DRAMP03516,KVPIGAIKKGGKIIKKGLGVLGAAGTAHEVYNHVRNRQ,38,1,39.796949999999995
DRAMP03517,KVPIGAIKKGGKIIKKGLGVIGAAGTAHEVYSHVKNRQ,38,1,392.46549999999996
DRAMP03518,KVPVGAIKKGGKAIKTGLGVVGAAGTAHEVYSHIRNRH,38,1,387.8504999999999
DRAMP03519,KGIGSALKKGGKIIKGGLGALGAIGTGQQVYEHVQNRQ,38,1,38.33415
DRAMP03520,ENFFKEIERAGQRIRDAIISAAPAVETLAQAQKIIKGGD,39,1,29.365468499999995
DRAMP03532,AKIPIKAIKTVGKAVGKGLRAINIASTANDVFNFLKPKKRKH,42,1,1.4084772499999993
DRAMP03567,KRIVQRIKDFLRNLVPRTES,20,1,158.01184
DRAMP03568,RKSKEKIGKEFKRIVQRIKDFLRNLVPRTES,31,1,30.404120000000006
DRAMP03569,KSKEKIGKEFKRIVQRIKDFLRNLVPRTES,30,1,29.154600000000002
DRAMP03570,LLGDFFRKSKEKIGKEFKRIVQR,23,1,25.410465000000002
DRAMP01877,GLMSVLKGVLKTAGKHIFKNVGGSLLDQAKCKITGQC,37,1,11.533845000000001
DRAMP01878,GLLSVLKGVLKTAGKHIFKNVGGSLLDQAKCKISGQC,37,1,11.437665
DRAMP03573,IGKEFKRIVQRIKDFLRNLVPRTES,25,1,243.4891999999999
DRAMP03574,FKRIVQRIKDFLRNLV,16,1,40.9101
DRAMP03598,GIGDPVTCLKSGAICHPVFCPRRYKQIGTCGLPGTKCCKKP,41,2,62.00000000000001
DRAMP03599,GIINTLQKYYCRVRGGRCAVLSCLPKEEQIGKCSTRGRKCCRRKK,45,1,9.400000000000002
DRAMP03600,EFELDRICGYGTARCRKKCRSQEYRIGRCPNTYACCLRKWDESLLNRTKP,50,1,100.00000000000004
DRAMP03603,ARLKKCFNKVTGYCRKKCKVGERYEIGCLSGKLCCAN,37,1,37.5
DRAMP03642,GRKSDCFRKSGFCAFLKCPSLTLISGKCSRFYLCCKRIR,39,1,2.7
DRAMP01376,GFMDTAKNAAKNVAVTLLDNLKCKITKAC,29,1,4.2
DRAMP01378,GIFGKILGVGKKVLCGLSGVC,21,1,23.600000000000005
DRAMP01386,VIPFVASVAAEMMQHVYCAASKKC,24,1,3.5
DRAMP03646,RVKRFWPLVPVAINTVAAGINLYKAIRRK,29,1,6.702169999999998
DRAMP03647,PIRNWWIRIWEWLNGIRKRLRQRSPFYVRGHLNVTSTPQP,40,1,12.572137500000002
DRAMP03659,LPRDTSRCVGYHGYCIRSKVCPKPFAAFGTCSWRQKTCCVDTTSDFHTCQDKGGHCVSPKIRCLEEQLGLCPLKRWTCCKEI,82,1,0.4644417500000001
DRAMP03676,APRKNVRWCAISLPEWSKCYQWQRRMRKLGAPSITCIRRTS,41,1,4.07
DRAMP03677,SKCYQWQRRMRKLGAPSITCIRRTS,25,1,6.800000000000001
DRAMP03679,RFRPPIRRPPIRPPFNPPFRPPVRPPFRPPFRPPFRPPIGPFP,43,1,1.0
DRAMP03682,FLPIIAKLLGGLL,13,1,30.000000000000004
DRAMP03683,FLIIRRPIVLGLL,13,1,30.000000000000004
DRAMP03684,FLPIPRPILLGLL,13,1,30.000000000000004
DRAMP03687,FLSLIPSLVGGSISAFK,17,1,277.77520000000004
DRAMP03691,FSFKRLKGFAKKLWNSKLARKIRTKGLKYVKNFAKDMLSEGEEAPPAAEPPVEAPQ,56,1,2.5393939999999993
DRAMP03693,KDGYIIEHRGCKYSCFFGTNSWCNTECTLKKGSSGYCAWPACWCYGLPDNVKIFDSNNLKC,61,1,339.4658750000001
DRAMP03694,KDGYLVGNDGCKYSCFTRPGTYCANECSRVKGKDGYCYAWMACYCYSMPNWVKTWNRATNRCGR,64,1,339.2221700000002
DRAMP03702,LFGLIPSLIGGLVSAFK,17,1,100.00000000000004
DRAMP03706,FLFSLIPHAIGGLISAFK,18,1,289.70474999999993
DRAMP03707,FPFSLIPHAIGGLISAIK,18,1,225.75660000000002
DRAMP01392,GLLSGTSVRGSI,12,1,36.0
DRAMP01393,GLFGKSSVWGRKYYVDLAGCAKA,23,1,12.599999999999996
DRAMP03715,FLSTLWNAAKSIF,13,1,29.955100000000005
DRAMP03723,GKVWDWIKSAAKKIWSSEPVSQLKGQVLNAAKNYVAEKIGATPT,44,1,99.82991200000002
DRAMP03724,FWGALAKGALKLIPSLFSSFSKKD,24,1,49.89139650000002
DRAMP03729,KWFNEKSIQNKIDEKIGKNFLGGMAKAVVHKLAKNEFMCVANVDMTKSCDTHCQKASGEKGYCHGTKCKCGVPLSY,76,1,101.14566000000005
DRAMP03734,FKLGSFLKKAWKSKLAKKLRAKGKEMLKDYAKGLLEGGSEEVPGQ,45,2,15.484360500000003
DRAMP03735,GKVWDWIKSTAKKLWNSEPVKELKNTALNAAKNLVAEKIGATPS,44,2,42.92025662422078
DRAMP02828,GLFRRLRDSIRRGQQKILEKARRIGERIKDIFRG,34,4,6.208372499999999
DRAMP03746,FIGAIARLLSKIF,13,1,1.5
DRAMP03748,FRFGSFLKKVWKSKLAKKLRSKGKQLLKDYANKVLNGPEEEAAAPAE,47,1,12.2388865
DRAMP03750,IFGAIAGLLKNIF,13,1,10.8759695
DRAMP03751,FFGHLFKLATKIIPSLFQ,18,1,5.05818
DRAMP03752,FLFSLIPSAISGLISAFK,18,1,18.1
DRAMP03753,GFWGSLWEGVKSVV,14,1,100.00000000000004
DRAMP03754,GFWGKLWEGVKSAI,14,1,49.99999999999999
DRAMP03774,GFWGKLWEGVKNAI,14,1,16.048550000000006
DRAMP03775,FWGKLWEGVKNAI,13,1,38.695125
DRAMP03776,ILSAIWSGIKSLF,13,1,21.521175000000003
DRAMP03777,IWSAIWSGIKGLL,13,1,21.656175
DRAMP03797,GLRKRLRKFRNKIKEKLKKIGQKIQGFVPKLAPRTDY,37,4,0.515514036876161
DRAMP03814,GILDTLKQFAKGVGKWLVKGAAQGVLSTVSCKLAKTC,37,1,10.000000000000002
DRAMP03815,GILDTLKQFAKGVGKWLVKGAAQ,23,1,24.999999999999996
DRAMP03816,GILDTLKQFAKGVGKFLVKGAAQ,23,1,24.999999999999996
DRAMP03823,ALWKTLLKKVLKA,13,1,13.607415
DRAMP03824,FKCRRWQWR,9,2,16.725422149941387
DRAMP03825,KKLGAPSITCVRRAFA,16,2,94.10393874368388
DRAMP03829,GLKKLLGKLLKKLGKLLLK,19,1,21.04795
DRAMP03830,GLWNSIKIAGKKLFVNVLDKIRCKVAGGCKTSPDVEYHK,39,1,27.197761500000006
DRAMP03831,GLWNSIKIAGKKLFVNVLDKIRCKVAGGC,29,1,19.730371500000004
DRAMP03832,GLWDSIKIAGKKLFVNVLDKIRCKVAGGC,29,1,39.159937500000005
DRAMP03833,GLWNSIKIAGKNLFVNVLDKIRCKVAGGC,29,1,38.9716875
DRAMP03834,GLWNSIKIAGKKLFVNVLDKIRSKVAGGS,29,1,9.609023500000001
DRAMP03852,GLARIVVIRVAR,12,1,15.999999999999998
DRAMP03853,RGARIVVIRVAR,12,1,7.999999999999998
DRAMP03854,RRARIVVIRVAR,12,1,4.0
DRAMP03855,RLRRIVVIRVAR,12,1,4.0
DRAMP03856,RLWRIVVIRVAR,12,1,2.0
DRAMP03857,RLARRVVIRVAR,12,1,15.999999999999998
DRAMP03858,RLARIVKIRVAR,12,1,15.999999999999998
DRAMP03859,RLARIVVIRWAR,12,1,4.0
DRAMP03860,RLARIVVIRVRR,12,1,7.999999999999998
DRAMP03861,RLARIVVIRVAG,12,1,15.999999999999998
DRAMP03862,RLRRIVVIRVRR,12,1,2.0
DRAMP03863,RRWRIVVIRVRR,12,1,2.5
DRAMP03864,RRWKIVVIRWRR,12,1,4.0
DRAMP03865,RWWKIWVIRWWR,12,1,4.0
DRAMP03866,KIWVIRWR,8,1,7.999999999999998
DRAMP03867,RIWVIRWR,8,1,4.0
DRAMP03868,RIWVIWRR,8,1,2.0
DRAMP03869,RRWVIWRR,8,1,15.999999999999998
DRAMP03870,RLARIVVIRVAR,12,1,17.0
DRAMP03871,YQWQRRMRKL,10,1,451.1476200000002
DRAMP03875,RRWQWRMKKL,10,1,16.73814375
DRAMP03876,RRWWWRWRRW,10,1,25.95022500000001
DRAMP03877,KKWWWKWKKW,10,1,17.886543749999998
DRAMP03878,RRWWRRWRRW,10,1,25.499925000000008
DRAMP03879,RRFFFRFRRF,10,1,34.53446250000002
DRAMP03880,RRIIIRWRRI,10,1,8.094898450000002
DRAMP03881,RRWWWR,6,1,23.517337500000004
DRAMP03882,SKCYQWQRRMRKLGA,15,1,481.64382
DRAMP03883,TKCFQWQWNMRKVRG,15,1,145.65531
DRAMP03884,SKCYQWQWRMRKLGA,15,1,337.78706999999997
DRAMP03885,SKCRQWQWKIRRTNP,15,1,435.2197950000001
DRAMP03886,FKCRRWQWRMKKLGA,15,1,47.866920000000015
DRAMP03887,AKCRRWQWRMKKLGA,15,1,67.14242499999999
DRAMP03888,FACRRWQWRMKKLGA,15,1,77.49460000000003
DRAMP03889,FKARRWQWRMKKLGA,15,1,100.082145
DRAMP03890,FKCARWQWRMKKLGA,15,1,66.82707500000004
DRAMP03891,FKCRAWQWRMKKLGA,15,1,116.47004500000004
DRAMP03892,FKCRRWAWRMKKLGA,15,1,29.061075000000002
DRAMP03893,FKCRRWQWAMKKLGA,15,1,53.46166
DRAMP03894,FKCRRWQWRAKKLGA,15,1,135.40345000000005
DRAMP03895,FKCRRWQWRMAKLGA,15,1,67.80777500000002
DRAMP03896,FKCRRWQWRMKALGA,15,1,48.434124999999995
DRAMP03897,FKCRRWQWRMKKAGA,15,1,48.80937500000001
DRAMP03898,FKCRRWQWRMKKLAA,15,1,24.101819999999996
DRAMP03899,AKCLRWQWEMRKVGG,15,1,722.6520649999997
DRAMP03900,AKCLRWQWAMRKVGG,15,1,239.88344999999993
DRAMP03901,RKCLRWQWEMRKVGG,15,1,71.53302499999997
DRAMP03902,EKCLRWQWRMRKVGG,15,1,193.33249999999992
DRAMP03903,AKCLRWQWRMRKVGG,15,1,58.133835000000005
DRAMP03904,RKCLRWQWAMRKVGG,15,1,58.133835000000005
DRAMP03905,RKCLRWQWRMRKVGG,15,1,19.60395
DRAMP03906,AKCLRWQWEMRKYGG,15,1,288.7520149999999
DRAMP03907,AKCLRWQWAMRKYGG,15,1,163.17180000000002
DRAMP03908,RKCLRWQWEMRKYGG,15,1,37.95012499999999
DRAMP03909,EKCLRWQWRMRKYGG,15,1,125.83462499999999
DRAMP03910,AKCLRWQWRMRKYGG,15,1,48.483374999999995
DRAMP03911,RKCLRWQWAMRKYGG,15,1,23.27202
DRAMP03912,RKCLRWQWRMRKYGG,15,1,20.244450000000004
DRAMP03920,KWKLFKKIEKVGQGIGAVLKVLTTGL,26,1,1.4277524999999998
DRAMP03921,KWKLFKKIGIGAVLKVLTTGLPALIS,26,1,0.8386514999999999
DRAMP03922,KWKLFKKIGIGAVLKVLTTG,20,1,0.8802980000000002
DRAMP03923,KWKLFKKIGIGAVLKVLT,18,1,1.0212975
DRAMP03924,KWKLFKKGIGAVLKV,15,1,6.8607
DRAMP03925,KWKLFKKGAVLKVLT,15,1,5.277675
DRAMP03927,KWKLFKKIGAVLKVL,15,1,1.771285
DRAMP03928,KWKLFKKAVLKVLTT,15,1,1.0819649999999998
DRAMP03929,KWKLFKKVLKVLTTG,15,1,0.8946225
DRAMP03930,KWKLFKKLKVLTTGL,15,1,3.6065499999999995
DRAMP03931,DPVTCLKSGAICHPVFCPRRYKQIGTCGLPGTKCCKKPN,39,2,88.38834764831847
DRAMP03933,IIYCNRRTGKCQRM,14,2,34.8423
DRAMP03935,VPIIYCNRRTGKCQRM,16,2,1.163019
DRAMP03936,KPVPIIYCNRRTGKCQRM,18,3,0.8178103437630875
DRAMP03945,LIKIVPAMICAVTKKC,16,1,255.99999999999994
DRAMP03947,GGLIKIVPAMICAVTKKC,18,1,255.99999999999994
DRAMP03948,LGGLIKIVPAMICAVTKKC,19,1,255.99999999999994
DRAMP03949,FLGGLIKIVPAMICAVTKK,19,1,255.99999999999994
DRAMP03967,KWKLFKKIPKFLHLAKKF,18,1,14.38084375
DRAMP03968,KWKLFKKILKFLHLAKKF,18,1,28.962187500000006
DRAMP03969,KWKLFKKISKFLHLAKKF,18,1,57.27237500000001
DRAMP03970,WKLFKKIPKFLHLAKKF,17,1,13.579781250000003
DRAMP03971,FKLFKKIPKFLHLAKKF,17,1,13.335843749999999
DRAMP03972,KWFKKIPKFLHLAKKF,16,1,25.745062500000014
DRAMP03973,WFKKIPKFLHLAKKF,15,1,24.142937500000002
DRAMP03974,WKKIPKFLHLAKKF,14,1,22.3031875
DRAMP03975,KWFKKIPKFLHLLKKF,16,1,6.567765625
DRAMP03976,WFKKIPKFLHLLKKF,15,1,6.167234375000002
DRAMP03977,WKKIPKFLHLLKKF,14,1,11.414593750000002
DRAMP03978,KWKLFKKIPFLHLAKKF,17,1,13.579781250000003
DRAMP03979,KWKLFKKIPKFLHLAKK,17,1,13.46096875
DRAMP03980,KWKLFKKIPLHLAKKF,16,1,12.659906250000004
DRAMP03981,KWKLFKKIPKFLHLAK,16,1,6.329953125000001
DRAMP03982,KWKLFKKIPHLAKKF,15,1,23.905312500000004
DRAMP03983,KWKLFKKIPKFLHLA,15,1,11.85884375
DRAMP03984,KWKLFKKIPLAKKF,14,1,11.095531250000004
DRAMP03985,KWKLFKKIPKFLHL,14,1,11.414593750000002
DRAMP03986,KWKLFKKIPLKKF,13,1,21.302562500000008
DRAMP03987,KWKLFKKIPKFLH,13,1,10.707343750000003
DRAMP03992,KLLKWLLKL,9,1,12.500000000000002
DRAMP03993,KKLLKWLKKLL,11,1,12.500000000000002
DRAMP03994,KKLLKWLLKLL,11,1,6.299999999999999
DRAMP03995,LKLLKWLLKLL,11,1,49.99999999999999
DRAMP03999,ILGKIAEGIKSLF,13,1,88.87776000000004
DRAMP04000,ILGKILEGIKSLF,13,1,22.892719999999997
DRAMP04001,ILGKIWKGIKSLF,13,1,3.00579
DRAMP04002,ILGKILKGIKKLF,13,1,2.9418699999999993
DRAMP04003,ILGKIWKIKKLF,12,1,2.9738700000000002
DRAMP04011,GVVTDLLKTAGKLLGNLFGSLSG,23,1,14.694127500000002
DRAMP04012,GVVTDLLKTAGKLLGNLVGSLSG,23,1,27.6573125
DRAMP04013,GLVTGLLKTAGKLLGDLFGSLTG,23,1,55.79087500000003
DRAMP04014,LLGDFFRKAKEKIGKEFKRIVQRIKDFLRNLVPRTES,37,2,42.475729342769974
DRAMP04015,LLGDFFRKVKEKIGKEFKRIVQRIKDFLRNLVPRTES,37,2,78.03555727658704
DRAMP04016,LLGDFFRKAKEKIGKEFKRIVQR,23,2,75.33004438815892
DRAMP04017,LLGDFFRKVKEKIGKEFKRIVQR,23,2,25.36090162312847
DRAMP04019,RAVAVIIRLRRV,12,1,11.000000000000002
DRAMP04020,RRAAVVLIVIRR,12,1,6.0
DRAMP04021,VRLRIRVAVIRA,12,1,3.0000000000000004
DRAMP04022,VRFRIRVAVIRA,12,1,1.6
DRAMP04023,VRWRIRVAVIRA,12,1,1.6
DRAMP04024,VRLWIRVAVIRA,12,1,6.0
DRAMP04025,VRLRIRVAVRRA,12,1,6.0
DRAMP04026,VRLRIRVAVIRK,12,1,3.0000000000000004
DRAMP04027,VQLRIRVRVIRK,12,1,3.0000000000000004
DRAMP04028,VRLRIRVRVIRK,12,1,1.6
DRAMP04029,KQFRIRVRVIRK,12,1,3.0000000000000004
DRAMP04030,KRFRIRVRVIRK,12,1,1.6
DRAMP04031,KRWRIRVRVIRK,12,1,1.6
DRAMP04032,ALRLAIRKR,9,1,4.0
DRAMP04033,ALLLAIRKR,9,1,6.0
DRAMP04034,AWLLAIRKR,9,1,4.999999999999999
DRAMP04035,ALYLAIRKR,9,1,4.0
DRAMP04036,ALWLAIRKR,9,1,10.000000000000002
DRAMP04048,RRLCRIVVIRVCRR,14,1,2.0
DRAMP04049,RRRCPIVVIRVCRR,14,1,2.0
DRAMP04050,RRRLCPIVIRVCRR,14,1,2.0
DRAMP04051,RICRIVVIRCIR,12,1,4.0
DRAMP04052,RLCPRVRIRVCR,12,1,4.0
DRAMP04053,RLCRIVPVIRVCR,13,1,32.0
DRAMP04054,RLCRIVWVIRVCR,13,1,7.999999999999998
DRAMP04055,RRLCRIVWVIRVCRR,15,1,2.0
DRAMP04056,RLSRIVVIRVSR,12,1,2.0
DRAMP04057,RLSRIVVIRVCR,12,1,4.0
DRAMP18361,APKGVQGPNG,10,1,7.999999999999998
DRAMP04064,CVKCKCKCGSGVKVKVKVC,19,1,0.009997825000000002
DRAMP04065,CVKVSVKVGSGVKVSVKVC,19,1,0.009526775000000005
DRAMP04066,CVKVRVKVGSGVKVRVKVC,19,1,0.6130725000000001
DRAMP04067,CVKVQVKVGSGVKVQVKVC,19,1,0.019874550000000005
DRAMP04068,CAKAKAKAGSGAKAKAKAC,19,1,0.30502235499999997
DRAMP04069,CFKFKFKFGSGFKFKFKFC,19,1,1.22866233
DRAMP04070,CWKWKWKWGSGWKWKWKWC,19,1,0.30599595
DRAMP04075,AKKVFKRLEKLFSKIQNDK,19,2,6.254998001598403
DRAMP04076,AKKVFKRLEKLFSKIQNWK,19,2,2.207940216581962
DRAMP04077,AKKVFKRLEKLFSKIWNDK,19,2,4.422951503238534
DRAMP04078,AKKVFKRLEKLFSKIWNWK,19,2,2.209705862779026
DRAMP04079,AKKVFKRLEKSFSKIQNDK,19,2,12.500000000000002
DRAMP04080,AKKVSKRLEKLFSKIQNDK,19,2,6.250000000000001
DRAMP04081,AKKVFKRLEKLFSKIFNFK,19,2,4.422951503238534
DRAMP04082,AKKVFKRLEKLFSKIYNYK,19,2,3.13
DRAMP04083,GIGKFLKKAKKFGKAFVKILKK,22,1,7.999999999999998
DRAMP04095,GFGSLFKFLAKKVAKTVAKQAAKQGAKYVANKHMQ,35,1,1.17661275
DRAMP04096,EQEENVVKIQAFWKGYKQRKEYM,23,1,6.157945499999998
DRAMP04097,DNTDSVVKIQSWFRMATARKSYL,23,1,3.2605139999999997
DRAMP04098,ANVGFVIQLQARLRGFLVRQKFA,23,1,4.4746635
DRAMP04099,TWLPAVIKIQAHWRGYRQRKIYL,23,1,5.5051835
DRAMP04100,ANLDAIIKIQAWARMWAARRQYL,23,1,5.5185699999999995
DRAMP04101,KNVNSIVKIQAFFRARKAQDDYR,23,1,9.688612500000003
DRAMP04115,KWKSFIKKLTKKFLHSAKKF,20,1,0.5
DRAMP04123,SGKLCCRRKK,10,1,14.141699999999998
DRAMP04124,SGKLYYRRKK,10,1,15.582660000000002
DRAMP04125,SGKLWWRRKK,10,1,8.06769
DRAMP04126,SGKRWWRRKK,10,1,8.325869999999998
DRAMP04127,RGKRWWRRKK,10,1,4.370265000000002
DRAMP04128,RWKRWWRRKK,10,1,4.757745000000001
DRAMP04129,RKKRWWRRKK,10,1,4.5836250000000005
DRAMP04136,LRRLWLRANRL,11,1,187.75104000000005
DRAMP04137,LRRLWLRANRLLRRLWLRANRL,22,1,11.662379999999999
DRAMP04138,APRKNVRW,8,1,63.99414380000001
DRAMP04139,APRKNVRF,8,1,127.99711050000005
DRAMP04140,APRKNVKW,8,1,63.99364035000001
DRAMP04141,APRKNLKW,8,1,31.996116149999995
DRAMP04142,APRKQLKW,8,1,7.9944485499999995
DRAMP04143,APRRQLKW,8,1,15.99320005
DRAMP04144,APKKQLKW,8,1,15.9915645
DRAMP04145,AFRKQLKW,8,1,3.993091549999999
DRAMP04146,LFRKQLKW,8,1,1.9907253
DRAMP04147,WFRKQLKW,8,1,0.953148
DRAMP04159,RIKRFWPVVIRTVVAGYNLYRAIKK,25,1,3.516
DRAMP04160,RIKRFWPVVIRTVVAGYNLYRAIK,24,1,2.344
DRAMP04161,RIKRFWPVVIRTVVAGYNLYRAI,23,1,9.374999999999998
DRAMP04162,RIKRFWPVVIRTVVAGYNLYRA,22,1,4.687999999999999
DRAMP04163,RIKRFWPVVIRTVVAGYNLYR,21,1,3.516
DRAMP04164,RIKRFWPVVIRTVVAGYNLY,20,1,3.516
DRAMP04165,RIKRFWPVVIRTVVAGYNL,19,1,3.516
DRAMP04166,RIKRFWPVVIRTVVAGYN,18,1,3.516
DRAMP04167,RIKRFWPVVIRTVVAGY,17,1,3.516
DRAMP04168,RIKRFWPVVIRTVVAG,16,1,3.516
DRAMP04169,RIKRFWPVVIRTVV,14,1,3.516
DRAMP04170,RIKRFWPVVIRT,12,1,3.516
DRAMP04171,RIKRFWPVVIR,11,1,3.516
DRAMP04174,KWLKKWL,7,1,79.99999999999997
DRAMP04175,KWLLKWL,7,1,40.0
DRAMP04176,KKWLKKWLK,9,1,40.0
DRAMP04177,LKWLKKWLK,9,1,40.0
DRAMP04178,LKWLLKWLK,9,1,4.999999999999999
DRAMP04179,LKWLLKWLL,9,1,4.999999999999999
DRAMP04180,LKKWLKKWLKK,11,1,19.999999999999996
DRAMP04181,LLKWLKKWLKK,11,1,40.0
DRAMP04182,LLKWLLKWLKK,11,1,10.000000000000002
DRAMP04183,LLKWLLKWLLK,11,1,79.99999999999997
DRAMP04185,GLLPLLSLLGKLL,13,1,33.744125000000004
DRAMP04186,WLKKLLKKLLK,11,1,4.0
DRAMP04187,KWLKKLLKKLL,11,1,2.0
DRAMP04188,LKWLKKLLKKL,11,1,4.0
DRAMP04189,LLKWLKKLLKK,11,1,4.0
DRAMP04190,KLLKWLKKLLK,11,1,2.0
DRAMP04192,LKKLLKWLKKL,11,1,2.0
DRAMP04193,LLKKLLKWLKK,11,1,4.0
DRAMP04194,KLLKKLLKWLK,11,1,2.0
DRAMP04195,KKLLKKLLKWL,11,1,2.0
DRAMP04196,LKKLLKKLLKW,11,1,4.0
DRAMP04237,GLFDIVKKLVSDF,13,1,148.07650000000004
DRAMP04240,KLKLLLLL,8,1,19.999999999999996
DRAMP04241,KLKLLLLLKLK,11,1,19.999999999999996
DRAMP04242,RLKLLLLLRLK,11,1,19.999999999999996
DRAMP04243,RLKLLLLRLK,10,1,19.999999999999996
DRAMP04244,RLKLLLRLK,9,1,19.999999999999996
DRAMP04264,KWKSFIKKLTSAAKKVVTTAKPLISS,26,1,1.0
DRAMP04265,KWKSFIKKLTTAVKKVLTTGLPALIS,26,1,2.0
DRAMP04359,INWKKIFQKVKNLV,14,1,14.065239999999998
DRAMP04360,INWKKIFEKVKDLV,14,1,15.841214999999998
DRAMP04361,IDWKKIFEKVKNLV,14,1,22.881755000000005
DRAMP04362,IDWKKIFEKVKDLV,14,1,83.65343749999998
DRAMP04363,INWSKIFEKVKNLV,14,1,21.475687500000003
DRAMP04364,INWSSIFEKVKNLV,14,1,58.69377500000001
DRAMP04365,INWSSIFESVKNLV,14,1,163.58750000000006
DRAMP04367,INWKKIFEKVSNLV,14,1,21.475687499999996
DRAMP04368,INWKKIFESVKNLV,14,1,17.180549999999997
DRAMP04369,INWKSIFEKVKNLV,14,1,25.770825000000002
DRAMP04370,NIWKKIFEKVKNLV,14,1,43.97862500000001
DRAMP04371,INWLKLGKKILGAI,14,1,105.77081249999999
DRAMP04372,INWLRLGRRILGAL,14,1,165.10349999999997
DRAMP04373,INFLKLGKKILGAL,14,1,152.7945
DRAMP04374,INWKKLGKKILGAL,14,1,68.025355
DRAMP04376,INWLKLGKKIISAL,14,1,159.70049999999995
DRAMP04377,INWLKLGKKLLSAL,14,1,159.70049999999995
DRAMP04378,INWLKLGKKMMSAI,14,1,114.31594999999994
DRAMP04379,SNWLKLGKKMMSAL,14,1,160.70050000000006
DRAMP04380,INWKKIASIGKEVLKAI,17,1,10.512397500000002
DRAMP04381,NWKKIASIGKEVLKAL,16,1,37.761885000000014
DRAMP04382,WKKIASIGKEVLKAL,15,1,104.41326999999998
DRAMP04383,KKIASIGKEVLKAL,14,1,149.78750000000005
DRAMP04385,INWKKIASIGKEVLKA,16,1,134.863875
DRAMP04386,INWKKIASIGKEVLK,15,1,172.71050000000008
DRAMP04387,INWKKIASIGKEVL,14,1,159.89349999999996
DRAMP04389,IWNKIAKSIGKVLEKAL,17,1,28.670175000000008
DRAMP04390,INWKKGKEVLKAL,13,1,152.68649999999997
DRAMP04391,NIWKKIASIAKEVLKAL,17,1,12.033593750000005
DRAMP04392,KNWKKIASIGKEVLKAL,17,1,24.079437500000008
DRAMP04393,SNWKKIASIGKEVLKAL,17,1,47.131625
DRAMP04542,IDWKKLLDAAKQIL,6,1,8.275025000000001
DRAMP04543,IDWLKLGKMVIDAL,14,1,8.075024999999998
DRAMP04544,IDWLKLGKMVMDVL,14,1,63.121609999999976
DRAMP04545,SFPFFPPGICKRLKRC,16,1,66.372775
DRAMP04546,SFHVFPPWMCKSLKKC,16,1,135.68835000000004
DRAMP04553,GVIKSVLKGVAKTVALGML,19,1,23.554687499999996
DRAMP04640,GMASKAGSVLGKLAKVAIGAL,21,1,48.559625000000004
DRAMP04665,KPFKKLEKVGRNIRDGIIKAGPAVAVIGQATSIARPTGK,39,1,0.4086865
DRAMP04670,KNIGNSVSCLRNKGVCMPGKCAPKMKQIGTCGMPQVKCCKRK,42,1,100.00000000000004
DRAMP04671,TDHQMAQSACIGVSQDNAYASAIPRDCHGG,30,1,20.7992455
DRAMP00393,IQCGESCVWIPCISSAWGCSCKNKICSS,28,1,239.48120000000006
DRAMP00767,GDACGETCFTGICFTAGCSCNPWPTCTRN,29,1,241.30920000000006
DRAMP00768,GIPCAESCVWIPPCTITALMGCSCKNNVCYNN,32,1,272.48120000000006
DRAMP00769,GASCGETCFTGICFTAGCSCNPWPTCTRN,29,1,239.0684
DRAMP00770,GEYCGESCYLIPCFTPGCYCVSRQCVNKN,29,1,259.01879999999994
DRAMP00796,GEFLKCGESCVQGECYTPGCSCDWPICKKN,30,1,328.5764999999999
DRAMP00797,GLPTCGETCTLGTCYVPDCSCSWPICMKN,29,1,308.3605
DRAMP01380,GLFTLIKCAYQLIAPTVACN,20,1,35.60000000000001
DRAMP01169,ENREVPPGFTALIKTLRKCKII,22,1,36.6424425
DRAMP01196,KEKLKLKCKAPKCYNDKLACT,21,1,199.99999999999991
DRAMP01197,ENMFNIKSSVESDSFWG,17,1,199.99999999999991
DRAMP01198,EMLKKKKEVKMERKT,15,1,199.99999999999991
DRAMP18403,VKGSWSKKFEVIA,13,1,73.93724999999999
DRAMP01697,GMWSKIKNAGKAAKAAAKAAGKAALGAVSEAM,32,2,15.298174999999997
DRAMP02819,GLLKRIKTLL,10,3,55.00275468296565
DRAMP02242,GLMDVFKGAAKNLLASALDKIRCKVTKC,28,1,38.930515
DRAMP01799,ILPILGNLLNGLL,13,1,136.27149999999995
DRAMP01800,ILPILGNLLNSLL,13,1,139.27450000000005
DRAMP01801,FIGPIISALASLFG,14,1,84.3429
DRAMP01804,ILPILAPLIGGLL,13,1,130.27149999999997
DRAMP01387,GLLSGILGAGKHIVCGLSGPCQSLNRKSSDVEYHLAKC,38,1,6.250000000000001
DRAMP04210,GIGKHVGKALKGLKGLLKGLGES,24,1,4.52145
DRAMP01826,RIGVLLARLPKLFSLFKLMGKKV,23,1,16.427468750000006
DRAMP01126,ILGPVISKIGGVLGGLLKNL,20,1,12.0
DRAMP01125,ILGPVLGLVGNALGGLIKKI,20,1,19.999999999999996
DRAMP01960,FLPILASLAAKFGPKLFCLVTKKC,24,1,44.35835500000001
DRAMP01961,FLPILASLAAKLGPKLFCLVTKKC,24,1,41.20472000000001
DRAMP01966,FLPVIAGVAANFLPKLFCAISKKC,24,1,127.55975000000004
DRAMP01967,FLPIIAGAAAKVVQKIFCAISKKC,24,1,63.004374999999996
DRAMP02016,FLSLALAALPKFLCLVFKKC,20,1,33.38812500000001
DRAMP02017,GLLSAVKGVLKGAGKNVAGSLMDKLKCKLFGGC,33,1,48.95977499999998
DRAMP02018,FLSLALAALPKLFCLIFKKC,20,1,33.598575000000004
DRAMP02020,FLPLLLAGLPKLLCLFFKKC,20,1,34.16992500000001
DRAMP01124,ILGPVLSMVGSALGGLIKKI,20,1,19.999999999999996
DRAMP01123,ILGPVISTIGGVLGGLLKNL,20,1,9.000000000000002
DRAMP01110,GIGGVLLSAGKAALKGLAKVLAEKYAN,27,1,2.7
DRAMP01109,GIGGKILSGLKTALKGAAKELASTYLH,27,1,0.9
DRAMP02134,GMATKAGTALGKVAKAVIGAAL,22,1,199.94250000000005
DRAMP02086,FLPVLTGLTPSIVPKLVCLLTKKC,24,2,258.42849999999993
DRAMP02309,IIGHLIKTALGFLGL,15,1,156.59549999999996
DRAMP01375,GLGGAKKNFIIAANKTAPQSVKKTFSCKLYNG,32,1,9.37
DRAMP02353,RSTEDIIKSISGGGFLNAMNA,21,1,63.99999999999998
DRAMP02245,GLFLDTLKGLAGKLLQGLKCIKAGCKP,27,1,2.0
DRAMP02521,KFFKKLKNSVKKRAKKFFKKPRVIGVSIPF,30,8,4.051812515627423
DRAMP03743,RSVCRQIKICRRRGGCYYKCTNRPY,25,4,23.242462385930864
DRAMP02770,IIGLVSKGTCVLVKTVCKKVLKQG,24,1,62.878875000000015
DRAMP02771,FDITKLNIKKLTKATCKVISKGASMCKVLFDKKKQE,36,1,25.543593749999996
DRAMP01356,FLGGLMKAFPALICAVTKKC,20,1,8.446780000000002
DRAMP02929,GQALNKLMPKIVSAIIYMIGQPNAGVTFLGHQCLVESTRQPDGFYTAKMWCTSWTSDNPIVGEGRSRVELEALKGSIRNFVQTASDYKKFTIEEVEDWIAS,102,1,49.99999999999999
DRAMP02971,RGGRLCYCRRRFCICV,16,1,24.999999999999996
DRAMP02989,VNWKKVLGKIIKVAK,15,1,2.9310975000000004
DRAMP02990,VNWKKILGKIIKVAK,15,1,2.4334869999999995
DRAMP02991,VNWKKILGKIIKVVK,15,1,2.472757
DRAMP04531,AAGMGFFGAR,10,1,12.498768499999997
DRAMP04530,LRQSQFVGSR,10,1,12.479751000000002
DRAMP01224,GFISTVKNLATNVAGTVIDTIKCKVTGGC,29,1,320.25124999999986
DRAMP03099,QRPYTQPLIYYPPPPTPPRIYRA,23,3,557.0569999999998
DRAMP02962,GRFRRLRKKTRKRLKKIGKVLKWIPPIVGSIPLGCG,36,3,5.237750088228217
DRAMP18120,PPTQNPSMAPPTQNPYGQPMTPPTQNPYGQPMAPP,35,1,31.342290000000002
DRAMP18140,VARGWKRKCPLFGKGG,16,1,14.080999999999996
DRAMP18194,GGLKKLGKKLEGAGKRVFKASEKALPVVVGIKAIGK,36,1,2.0
DRAMP03644,RVKRVWPLVIRTVIAGYNLYRAIKKK,26,4,3.5435001724107478
DRAMP03692,ACQFWSCNSSCISRGYRQGYCWGIQYKYCQCQ,32,1,49.99999999999999
DRAMP18190,FLSTIWNGIKSLL,13,1,53.704260000000005
DRAMP03872,FQWQRNMRKV,10,1,417.7934999999999
DRAMP03873,LRWQNEMRKV,10,1,407.88450000000006
DRAMP03874,RQWQSKIRRT,10,1,407.56949999999995
DRAMP18396,FFWHHIGHALDAAKRVHGMLSG,22,1,31.098437499999985
DRAMP03946,GLIKIVPAMICAVTKKC,17,1,255.99999999999994
DRAMP02092,FLPAIAGMAAKFLPKIFCAISKKC,24,1,7.707855000000002
DRAMP18189,IFGAIWKGISSLL,13,1,67.42631999999996
DRAMP04172,WLKKW,5,1,79.99999999999997
DRAMP04173,WLLKW,5,1,79.99999999999997
DRAMP04236,GLFDKLKSLVSDF,13,1,367.17875
DRAMP04266,KWKSFIKKLPSAAKKVTTAAKPLTK,25,1,2.0
DRAMP04267,KWKKFIKKIGIGAVLKVLTTGLPALKLTKK,30,1,2.0
DRAMP04268,KKWKKFIKKIGIGAVLTTPGAKK,23,1,4.0
DRAMP04269,KWKSFIKNLTKGGSKILTTGLPALIS,26,1,4.0
DRAMP04270,KWKKFIKNLTKGGSKILTTGLPALIS,26,1,2.0
DRAMP04271,KWKSFIKKLTSAAKKVLTTGLPALIS,26,1,2.0
DRAMP04274,KKWWKFIKKAVNSGTTGLQTLAS,23,1,7.999999999999998
DRAMP04275,KWKSFIKKLTSVLKKVVTTAKPLISS,26,1,2.0
DRAMP04276,KKKSFIKLLTSAKVSVLTTAKPLISS,26,1,32.0
DRAMP04277,WKVFKSFIKKASSFAQSVLD,20,1,11.000000000000002
DRAMP04280,KWKSFIKKLPSAAKKVVTTAKPLALIS,27,1,2.0
DRAMP04281,KWKSFIKKLPKAAKKVVTTAKKPLIV,26,1,2.0
DRAMP04282,KWKKFIKSLTKSAAKTVVKTAKKPLIV,27,1,1.0
DRAMP04283,KWKLFKKIGIGAVLKVLTTGLPALKLTLK,29,1,3.0000000000000004
DRAMP04284,KLFKKIGIGAVLKVLTTGLPALKLTK,26,1,4.999999999999999
DRAMP04285,KWKFKKIGIGAVLKVLTTGLPALKLTLK,28,1,2.0
DRAMP04286,KLWKLFKKIGIGAVLKVLTTGLPALKLTK,29,1,2.0
DRAMP04357,KWKLFKKIGIGAVLKVLTTGLIALIS,26,1,2.0
DRAMP04358,KWKLFKKIGIGAVLKVLTPGLPALKLTK,28,1,2.0
DRAMP04366,INWSSIFESVSNLV,14,1,159.47850000000005
DRAMP04375,INSLKLGKKILGAL,14,1,146.78449999999995
DRAMP04384,KIASIGKEVLKAL,13,1,136.97050000000002
DRAMP04388,INWKKIASIGKEV,13,1,148.57749999999996
DRAMP01097,GIGASILSAGKSALKGLAKGLAEHFAN,27,2,4.12311537057402
DRAMP04658,IKIPPIVKDTLKKVAKGVLSTIAGALST,28,1,114.50019999999999
DRAMP04659,FKRLKKLFKKIWNWK,15,1,8.25434
DRAMP04660,AKRLKKLFKKIWNWK,15,1,7.9499400000000024
DRAMP04661,FKRLKKLAKKIWNWK,15,1,7.9499400000000024
DRAMP04662,AKRLKKLAKKIWNWK,15,1,61.164319999999975
DRAMP04663,AKRLKKLAKKIWKWL,15,1,61.134240000000034
DRAMP04664,AKRLKKLAKKIWKWK,15,1,7.70182
DRAMP18188,GILGKLWEGFKSIV,14,1,95.90563000000003
DRAMP18187,IWLTALKFLGKNLGKHLAKQQLAKL,25,1,22.129439749999992
DRAMP18128,SGTSEKERESGRLLGVVKRLIVGFRSPFR,29,2,165.69404923533932
DRAMP18129,SGTPEKERESGRLLGVVKRYIVCVRNPCP,29,2,164.78018556648715
DRAMP18130,SGTSEKERESERLLGVVNPLIKCFRSPCP,29,2,164.21835498407998
DRAMP18131,SGTSEKERESGRLLGVVKRLIVCFRSPFP,29,2,165.0346856766011
DRAMP18411,NGNLLGGLLRPVLGVVKGLTGGLGKK,26,1,62.50000000000002
DRAMP18413,FFSMIPKIAGGIASLVKNLG,20,1,127.99999999999997
DRAMP03018,INMKASAAVAKKLL,14,3,23.81101577952299
DRAMP01875,GLMSLFRGVLKTAGKHIFKNVGGSLLDQAKCKITGEC,37,1,23.530050000000006
DRAMP01876,GLMSLFRGGVLKTAGKHIFKNVGGSLLDQAKCKITGEC,38,1,11.936175
DRAMP18443,IWSFLIKAATKLLPSLFGGGKKDS,24,1,63.99999999999998
DRAMP18444,RYPAVGYT,8,2,5.8
DRAMP18449,AVNIPFKVHLRCKAAFC,17,1,38.34730000000001
DRAMP18450,AAKIILNPKFRCKAAFC,17,1,56.83124999999998
DRAMP18454,FLPVIAGVLSKLF,13,1,56.151000000000025
DRAMP18456,FSLIPSAIGGLISA,18,1,67.28074999999997
DRAMP18471,KKLALKALLLWLKALLKLAKLALKK,25,1,64.00883189999999
DRAMP18472,KKLALKALKLWLLALLKLAKLALKK,25,2,31.274507652947527
DRAMP18473,KKLALKALKLWLLALKKLALLALKK,25,1,11.7151443
DRAMP18474,KKLAKLALLKWLLALKKLALLALKK,25,1,8.8853993
DRAMP18475,KKLAKLALLKWLLALKLLALKALKK,25,2,6.777519880647044
DRAMP18476,KKLAKALKLLALLWLKLAKALKKA,24,1,34.90229025000001
DRAMP18477,KKLAKAPKLLALLWLKLAKALKKA,24,2,5.142738529599303
DRAMP18478,KKLAKALKLPALLWLKLAKALKKA,24,2,3.064046701656045
DRAMP18479,KKLAKALKLLAPLWLKLAKALKKA,24,2,3.1901579999999994
DRAMP18480,KKLALALKKLALLWKKLALALKKA,24,2,5.5694600042486995
DRAMP18481,KKLALAPKKLALLWKKLALALKKA,24,2,1.5950790000000001
DRAMP18482,KKLALALKKPALLWKKLALALKKA,24,2,1.6096341493867747
DRAMP18483,KKLALALKKLAPLWKKLALALKKA,24,2,2.1590926077049146
DRAMP18484,KKLKLALAKLALLWKALALKLKKA,24,2,2.4075002095677496
DRAMP18485,KKLKLAPAKLALLWKALALKLKKA,24,2,1.602593616351995
DRAMP18486,KKLKLALAKPALLWKALALKLKKA,24,2,2.6571354350256176
DRAMP18487,KKLKLALAKLAPLWKALALKLKKA,24,2,1.1353855534114567
DRAMP18488,FFGSLLSLGSKLLPSVFKLFQRKKE,25,1,12.500000000000002
DRAMP02081,FLPLLAGLAANFLPKIFCKITRKC,24,1,4.821093000000001
DRAMP03575,FKRIVQRIKDFLR,13,3,37.33116832762043
DRAMP02094,FLPAIAGVAAKFLPKIFCAISKKC,24,1,17.76050500000001
DRAMP02095,FLPAIVGAAAKFLPKIFCVISKKC,24,1,38.478975000000005
DRAMP02096,FLPFIAGMAANFLPKIFCAISKKC,24,1,49.99498500000001
DRAMP02097,FLPIIAGVAAKVFPKIFCAISKKC,24,1,35.91371000000001
DRAMP02098,FLPIIASVAAKVFSKIFCAISKKC,24,1,12.926275000000004
DRAMP02099,FLPIIASVAANVFSKIFCAISKKC,24,1,200.55243000000002
DRAMP02255,GILSSIKGVAKGVAKNVAAQLLDTLKCKITGC,32,1,12.803420000000003
DRAMP02254,GILDSFKGVAKGVAKDLAGKLLDKLKCKITGC,32,1,13.16394
DRAMP02256,GLLDTIKGVAKTVAASMLDKLKCKISGC,28,1,5.72899
DRAMP02257,LMDTVKNVAKNLAGHMLDKLKCKITGC,27,1,38.29260499999999
DRAMP18497,WKSDVRRWRSRY,12,1,108.47519999999999
DRAMP18498,WKSYVRRWRSRY,12,1,27.88824
DRAMP18499,WKSYVRRWRSR,11,1,25.277360000000005
DRAMP18500,WWSYVRRWRSR,11,1,26.206000000000007
DRAMP18501,WKSYVRRWRS,10,1,91.11328000000003
DRAMP18502,WKSYVRRWR,9,1,85.54016
DRAMP18503,WKSYVRRW,8,1,75.54399999999997
DRAMP18504,FSEAIKKIIDFLGEGLFDIIKKIAESF,27,1,393.29984
DRAMP18505,GLFDIIKKIAESFKFSEAIKKIIDFLG,27,1,393.17824
DRAMP18506,KKFFLKVLTKIRCKVAGGCRT,21,1,7.999999999999998
DRAMP18508,KFAKKFKWFAKAAFKFFKK,19,1,10.000000000000002
DRAMP18509,MAFKKLEKVGRNIRDGIIKAGPAVAVIGQATSIARPTGK,39,2,0.15165750888103102
DRAMP18510,KKLALLALKKWLLALKKLALLALKK,25,2,2.710653487184768
DRAMP18511,KKLALLALKKWLPALKKLALLALKK,25,2,2.6592117404785065
DRAMP18512,KKLALALAKKWLALAKKLALALAKK,25,2,1.848296031976665
DRAMP18513,KKLALALAKKWLPLAKKLALALAKK,25,2,1.5275700514477988
DRAMP18514,KKLALHALKKWLHALKKLAHLALKK,25,2,2.2774068404574974
DRAMP18533,KWKSFLKTFKSAKKTVLHTALKAISS,26,2,2.0
DRAMP18538,KWKSFLKTFKSAVKTVLHTALKAISS,26,2,5.652433104425032
DRAMP18539,KWKSFLKTFKSALKTVLHTALKAISS,26,2,5.656854249492381
DRAMP18540,KWKSFLKTFKSAAKTVLHTALKAISS,26,2,2.5
DRAMP18541,KWKSFLKTFKSAGKTVLHTALKAISS,26,2,2.5
DRAMP18542,KWKSFLKTFKSASKTVLHTALKAISS,26,2,2.5
DRAMP18543,KWKSFLKTFKSALKTVLHTALKAISS,26,2,2.8284271247461903
DRAMP18544,KWKSFLKTFKSAVKTVLHTALKAISS,26,2,2.0
DRAMP18545,KWKSFLKTFKSAAKTVLHTALKAISS,26,2,1.7888543819998317
DRAMP18546,KWKSFLKTFKSASKTVLHTALKAISS,26,2,2.529822128134703
DRAMP18547,KWKSFLKTFKSAKKTVLHTALKAISS,26,2,2.8284271247461903
DRAMP18548,KWKSFLKTFKLAVKTVLHTALKAISS,26,2,8.944271909999157
DRAMP18549,KWKSFLKTFKVAVKTVLHTALKAISS,26,2,5.059644256269407
DRAMP18550,KWKSFLKTFKAAVKTVLHTALKAISS,26,2,5.059644256269407
DRAMP18551,KWKSFLKTFKGAVKTVLHTALKAISS,26,2,3.5355339059327378
DRAMP18552,KWKSFLKTFKKAVKTVLHTALKAISS,26,2,6.356099432828282
DRAMP18553,KWKSFLKTFKLAVKTVLHTALKAISS,26,2,3.5355339059327378
DRAMP18554,KWKSFLKTFKVAVKTVLHTALKAISS,26,2,3.5355339059327378
DRAMP18555,KWKSFLKTFKAAVKTVLHTALKAISS,26,2,3.1622776601683795
DRAMP18556,KWKSFLKTFKSAVKTVLHTALKAISS,26,2,2.0
DRAMP18557,KWKSFLKTFKKAVKTVLHTALKAISS,26,2,2.262741699796952
DRAMP18558,FIKRIARLLRKIF,13,2,12.500000000000002
DRAMP18559,IWRIFRRIF,9,1,10.45308
DRAMP18560,IWRIFRRIFRIF,12,1,6.892660000000001
DRAMP18561,IWRIFRRIFRIFIRF,15,1,34.23512000000001
DRAMP18562,KSLVRRWRSRW,11,1,137.68334999999996
DRAMP18563,KSLRRVWRSWR,11,1,137.68334999999996
DRAMP18564,KWLRRVWRWWR,11,1,155.52675000000002
DRAMP18565,KRLRRVWRRWR,11,1,150.12314999999998
DRAMP18566,VNWKKSLGKSIKVVK,15,1,7.542018000000002
DRAMP18567,VNWKKILGKSIKVSK,15,1,15.207500000000001
DRAMP18568,VSWKKSLGKIIKVVK,15,1,2.055786
DRAMP18569,VNSKKISGKSIKVSK,15,1,32.0583
DRAMP18570,VNRKKILGKSIKVVK,15,1,5.9855425
DRAMP18571,VNRKKILGKSIKVVK,15,1,9.4058525
DRAMP18572,VNSKKISPKSIKVSK,15,1,12.815283000000003
DRAMP18573,VNSKKISPKSIKVSK,15,1,12.815283000000003
DRAMP18574,GFLSILKKVLPKVXAHXK,18,1,1.7984205
DRAMP18575,GFLSILKKVLPKSXAHSK,18,1,4.9081874999999995
DRAMP18576,GFLSSLKKSLPKVXAHXK,18,1,15.288896999999995
DRAMP18577,GFLSSLKKSLPKSXAHSK,18,1,89.90427149999998
DRAMP18578,GFRSILKKVSPKVXAHXK,18,1,16.323079499999995
DRAMP18579,GFRSILKKVSPKVXAHXK,18,1,32.84767849999999
DRAMP18580,GFLSSLKKSLGKSXAHSK,18,1,10.556419999999996
DRAMP18581,GFLSSLKKSLAKSXAHSK,18,1,10.634987999999996
DRAMP18583,KWCFCVCYRGICYCRCRG,18,1,6.659205000000003
DRAMP18584,KWCFCVCYRGICRCRCRG,18,1,23.012548000000002
DRAMP18585,KWCRCVCRRGICYCRCRG,18,1,21.77319900000001
DRAMP18586,KWCRCVCRRGICRCRCRG,18,1,12.181207500000005
DRAMP18587,KWCRCVCRRGICRCRCRK,18,1,13.943898500000001
DRAMP18588,GFCRCLCRRGVCRCICTK,18,1,4.15523
DRAMP18589,GWLDVAKKIGKAAFNVAKNFLFNKAVNFAAKGIKKAVDLWG,42,1,14.685841499999995
DRAMP18590,GWLDVAKKIGKAAFNVAKNFL-spacer-LFNKAVNFAAKGIKKAVDLWG,42,1,8.683431999999996
DRAMP18591,GWLDVAKKIGKAAFNVAKNFL-spacer-LFNKAVNFAAKGIKKAVDLWG,42,1,35.276442499999995
DRAMP18592,GWLDVAKKIGKAAFNVAKNFI,21,1,9.162859999999998
DRAMP18593,GWLDVAKKIGKAAFNVAKNFI,21,1,9.162859999999998
DRAMP18594,GWLDVAKKIGKAAFNVAKNFI,21,1,36.65143999999998
DRAMP18595,GWLDVAKKKGKAAFNVAKNFI,21,1,18.4458
DRAMP18596,NVWKKVLGKIIKVAK,15,1,4.3104375
DRAMP18597,VNWKKVLAKIIKVAK,15,1,1.2167435000000002
DRAMP18598,VNWKKVLKKIIKVAK,15,1,1.2567065
DRAMP18599,VNWKKVLPKIIKVAK,15,1,8.821225000000004
DRAMP18600,NVWKKILGKIIKVAK,15,1,1.9120255
DRAMP18601,VNWKKILAKIIKVAK,15,1,1.2265645
DRAMP18602,VNWKKILKKIIKVAK,15,1,1.2665275000000003
DRAMP18603,VNWKKILPKIIKVAK,15,1,4.4456875
DRAMP18604,NVWKKILGKIIKVVK,15,1,2.472757
DRAMP18605,VNWKKILAKIIKVVK,15,1,2.4923990000000003
DRAMP18606,VNWKKILKKIIKVVK,15,1,1.2861625
DRAMP18607,VNWKKILPKIIKVVK,15,1,2.16759
DRAMP18608,VNWKKILGKIIKVVK,15,1,6.181892499999999
DRAMP18609,VNWKKILGKIIKVVK,15,1,1.7662550000000001
DRAMP18610,VNWKKILGKI,10,1,27.924933499999995
DRAMP18613,VRRFGWWWGFLRR,13,1,32.0
DRAMP18627,KLKKLLKKWLKLLKKLLK,18,1,4.526070000000002
DRAMP18507,FSGGNCRGFRRRCFCTK,17,1,15.0
DRAMP18614,VRRFAWWWAFLRR,13,1,32.0
DRAMP18615,VRRFPFFFPFLRR,13,1,7.999999999999998
DRAMP18616,RGLRRLGRKIAHGVKKYGPTVKRIKRKA,28,2,15.892166976690119
DRAMP18617,RGLRRLGRKIAHGVKKYGATVLRIIRIA,28,2,6.345809999999998
DRAMP18618,RGLRRLGRKIAHGVKKY,17,2,22.722961266243452
DRAMP18619,RKLRRLKRKIAHKVKKY,17,2,9.426320291845062
DRAMP18622,FLPIVAKLLSGLLGRKKRRQRRR,23,1,5.524890000000001
DRAMP18623,INLKILARLAKKIL,14,1,20.088687500000006
DRAMP18624,KLKKLLKKWLKLLKKLLK,18,1,18.10428
DRAMP18625,KLKKLLKKWLKLLKKLLK,18,1,9.052140000000003
DRAMP18626,KLKKLLKKWLKLLKKLLK,18,1,9.052140000000003
DRAMP18628,KLKKLLKKWLKLLKKLLK,18,1,9.052140000000003
DRAMP18629,KLKKLLKKWLKLLKKLLK,18,1,4.526070000000002
DRAMP18630,KLKKLLKKWLKLLKKLLK,18,1,9.052140000000003
DRAMP18647,RKWLFW,6,1,149.6216
DRAMP18648,FVPWFSKFLPRIL,13,1,82.50274999999999
DRAMP18649,FQWQRNPRKVR,11,1,1136.0662499999999
DRAMP18650,FQWQRNMRKVR,11,2,41.55960415117063
DRAMP18658,FLPIVAKLLSGLL,13,1,22.14056
DRAMP18659,VKVGINGFGRIGRLVTRAAFHGKKVEVVAIND,32,3,4.530654896083494
DRAMP18660,VKVGINGFGRIGRLVTRAAFHGKKVEVVAIND,32,3,1.3586549562303538
DRAMP18661,GWLDVAKKIGKAAFNVAKNFL,21,1,7.7884309999999966
DRAMP18662,LLAGLAANFLPKIFCKITRKC,21,1,12.500000000000002
DRAMP18663,GLAANFLPKIFCKITRKC,18,1,24.999999999999996
DRAMP18664,ANFLPKIFCKITRKC,15,1,49.99999999999999
DRAMP18665,INLKALAALAKKIL,14,1,36.997625000000006
DRAMP18666,GLGSVFGRLARILGRVIPKV,20,3,5.313351650827157
DRAMP18668,PSVQGAAAQLTADVKK,16,1,74.99269325000002
DRAMP18696,FQWQRNMRKVRGPPVS,16,2,993.1675000000001
DRAMP18697,FQWQRNMRKVR,11,2,634.6633721325423
DRAMP18699,FLGGLLASLLGKI,13,1,24.999999999999996
DRAMP18700,YPELQQDLIARLL,13,1,49.99999999999999
DRAMP18701,FRSGILKLASKIPSVLCAVLKNC,23,1,49.99999999999999
DRAMP18702,AKAWGIPPHVIPQIVPVRIRPLCGNV,26,1,24.999999999999996
DRAMP18703,GFWDSVKEGLKNAAVTILNKIKCKISECPPA,31,1,49.99999999999999
DRAMP18704,FIPGLRRLFATVVPTVVCAINKLPPG,26,1,12.500000000000002
DRAMP18705,GFFDRIKALTKNVTLELLNTITCKLPVTPP,30,1,49.99999999999999
DRAMP18706,CVHWMTNTARTACIAP,16,1,100.00000000000004
DRAMP18707,RRIRPRPPRLPRPRPRPLPFPRPGPRPIPRPLPFPRPGPRPIPRPLPFPRPGPRPIPRPL,60,1,12.0
DRAMP18712,GFGKAFHSVSNFAKKHKTA,19,1,2.7
DRAMP18713,GFGPAFHSVSNFAKKHKTA,19,1,2.7
DRAMP18716,PDPAKTAPKKGSKKAVTKA,19,1,0.7116080499999999
DRAMP18722,AKKFGKAFVGEIM,13,1,45.624159999999996
DRAMP18723,KWKLFKKI,8,1,69.78592
DRAMP18724,PKRKSATKGDEPARRSARLSARPVPKPAAKPKKAAAPKKAVKGKKAAENGDAKAEAKVQAAGDGAGNAK,69,1,1.73900625
DRAMP02518,KRFKKFFKKLKNSVKKRAKKFFKKPKVIGVTFPF,34,1,21.0
DRAMP03714,FLGALWNVAKSVF,13,1,4.529382000000001
DRAMP03645,LVQRGRFGRFLRKIRRFRPKVTITIQGSARFG,32,1,3.818595
DRAMP20776,IGGYCSWLRL,10,1,37.356640000000006
DRAMP20777,KRFKKFFRKLKKSVKKRAKEFFKKPRVIGVSIPF,34,2,11.31370849898476
DRAMP20778,FFFLSRIF,8,4,66.98325417800217
DRAMP20779,GMWSKILGHLIR,12,1,5.360831
DRAMP20780,GKWMSLLKHILK,12,1,3.6346125000000007
DRAMP20781,LNWGAILKHIIK,12,1,5.201219500000002
DRAMP20782,FLSGILKLAFKIPSVLCAVLKNC,23,1,24.999999999999996
DRAMP20783,GLLDSVKEGLKKVAGQLLDTLKCKISGCTPA,31,1,6.299999999999999
DRAMP20792,GLFVGVLAKVAAHVVPAIAEHF,22,1,100.00000000000004
DRAMP20798,QGVRNSQSCRRNKGICVPIRCPGSMRQIGTCLGAQVKCCRRK,42,1,15.999999999999998
DRAMP20799,GCWSTVLGGLKKFAKGGLEAIVNPK,25,1,20.592439999999996
DRAMP20800,KKKKPLFGLFFGLF,14,1,40.0
DRAMP20801,GFGCPNNYQCHRHCKSIPGRCGGYCGGWHRLPCTCYRC,38,1,6.4
DRAMP20802,GLGSVLGKALKIGANLL,17,1,324.7970000000001
DRAMP20803,FFRNLWKGAKAAFRAGHAAWRA,22,1,6.250000000000001
DRAMP20804,DLRDSWKVIGSDKK,14,1,74.99777669999997
DRAMP20808,RRLRKKTRKRLKKIGKVLKWI,21,3,4.294626239042105
DRAMP20809,RKKTRKRLKKIGKVLKWI,18,3,3.6191235953875585
DRAMP20810,TRKRLKKIGKVLKWI,15,3,7.469499999999999
DRAMP20811,RLKKIGKVLKWI,12,3,9.409573719709819
DRAMP20812,GILGKLWKGVKSIF,14,2,50.000000000000014
DRAMP20813,LILGKLWKGVKSIF,14,2,70.71067811865478
DRAMP20814,SILGKLWKGVKSIF,14,2,35.35533905932737
DRAMP20815,FILGKLWKGVKSIF,14,2,35.35533905932737
DRAMP20816,KILGKLWKGVKSIF,14,2,35.35533905932737
DRAMP20817,RRLIRLILRLLR,12,1,12.728680000000002
DRAMP20818,RRLIWLILRLLR,12,1,12.968840000000005
DRAMP20819,RRLIRLWLRLLR,12,1,6.656540000000001
DRAMP20820,FRIRVRV,7,2,21.387095135225813
DRAMP20821,FRIRVRVFKRIVQRIKDFLR,20,2,5.292569999999999
DRAMP20822,FRIRVRVAKKFGKAFVGEIM,20,2,18.8234
DRAMP20823,FRIRVRVKWKLFKKI,15,2,4.035150000000001
DRAMP20824,GLFKKLRRKIKKGFKKIFKRLPPIGVGVSIPLAGKR,36,1,139.99999999999994
DRAMP20826,GLFKKLRRKIKKGFKKIFKRL,21,2,54.22176684690381
DRAMP20831,ILGKLWEGLKSLF,13,1,49.99999999999999
DRAMP20832,IDWKKLLNAAKQIL,14,1,82.70075
DRAMP20833,FVPWFSKFLGRIL,13,1,20.124812500000004
DRAMP20838,TRSRWRRFIRGAGRFARRYGWRIAL,25,1,4.7
DRAMP20841,SKVWRHWRRFWHRAHRLH,18,1,15.949718749999999
DRAMP20842,SKVWRHWRRFW,11,1,20.548937500000005
DRAMP20843,SKVWRHWRRFWHR,13,1,12.107781250000002
DRAMP20844,VWRHWRRFWHR,11,1,10.762468750000004
DRAMP20845,VWRHWRRFW,9,1,35.71662500000001
DRAMP20846,VWRHWRRFWH,10,1,78.29025000000001
DRAMP20847,WRHWRRFWHR,10,1,40.57162500000001
DRAMP20848,VWRKWRRFW,9,1,8.873093750000002
DRAMP20849,VWRRWRRFW,9,1,18.0964375
DRAMP20850,VWRKWRRFWKR,11,1,5.333692150000001
DRAMP20851,VWRRWRRFWRR,11,1,5.509097350000001
DRAMP20868,KFKKLFKKLSPVIGKEFKRIVERIKRFLR,29,2,36.33564999999999
DRAMP20869,GLLKRIKTL,9,1,0.406
DRAMP20870,GLLKRIKT,8,1,3.25
DRAMP20871,GLLKRIK,7,1,1.63
DRAMP20872,GLLKRI,6,1,3.25
DRAMP20873,GLLKR,5,1,6.499999999999999
DRAMP20874,SKVWRHWRRFWHRAHRKL,18,1,15.89365625
DRAMP20875,SKVWRHWRRFWHRAHRKL,18,1,7.959543050000001
DRAMP20876,SKVWRHWRRFWHRAHRKL,18,1,15.89365625
DRAMP20877,SKVWRHWRRFWHRAHRKL,18,1,31.787312500000002
DRAMP20878,MGFGCPEDEYECHNHCKNSVGCRGGYCDAGTLRQRCTCYGCNQKGRSIQE,50,2,61.237243569579455
DRAMP20879,KWKIFKKIEKVGRNVRDGIIKAGPAVQVVGQATSIAK,37,1,4.9
DRAMP20880,RWKFLKKIEKVGRKVRDGVIKAGPAVGVVGQATSIYK,37,1,2.1
DRAMP20883,KRFKKFFRKLKKSVKKRKKEFKKKPRVIKVSIPF,34,2,11.31370849898476
DRAMP20884,KRFKKFFRKLKKSVKKRKKEFKKKPRVIGVSIPF,34,2,4.0
DRAMP20910,FLGGLIKPWWPWRR,14,1,31.250000000000007
DRAMP20912,FLGGLIKKWPWWPWRR,16,1,7.810000000000001
DRAMP20926,LLPWKWPWWKWRR,13,1,31.250000000000007
DRAMP20927,RRPWRWPWWPWRR,13,1,31.250000000000007
DRAMP20928,RRPWRWPRWPWRR,13,1,31.250000000000007
DRAMP20929,FLGGLIKWWPWRR,13,1,7.810000000000001
DRAMP20934,MNFNKFFVLFALIMVAVVGQSEAGWLKKLGKKIERVGQHTRDATIQTIGVAQQAVNVAATLKG,63,2,11.03086578651014
DRAMP20935,GFGMALKLLKKVL,13,2,6.139492244413928
DRAMP20936,RVKRFKKFFRKIKKGFRKIFKKTKIFIG,28,1,2.0
DRAMP20937,HRVKRNGFRKFMRRLKKFFAGG,22,1,3.0000000000000004
DRAMP20938,RLLRKFFRKLKKSV,14,2,32.0
DRAMP20939,RLLRKFFRKLKKSV,14,2,32.0
DRAMP20941,FVPWFSKFLKRIL,13,1,21.013812500000004
DRAMP20942,FVPWFSKFLKRIL,13,1,21.013812500000004
DRAMP20943,FVPWFSKFLWRIL,13,1,43.478625000000015
DRAMP20944,FVPWFSKFLWRIL,13,1,43.478625000000015
DRAMP20945,KWKLFKKIFKRIVQRIKDFLRN,22,1,7.2
DRAMP20946,TRSRWRRFIRGAGRFARRYGWRIA,24,1,4.7
DRAMP20955,LGDFFRKSKEKIGKEFKRIVQRIKDFLRNLAKRHHGYKRKFH,42,1,87.27010100000004
DRAMP20956,ALGDFFRKSKEKIGKEFKRIVQRIKDFLRNLAKRHHGYKRKFHLEY,46,2,99.61245737356353
DRAMP20957,FFSLIPKLVKGLISAFK,17,1,8.95041945
DRAMP20958,FFKLIPKLVKGLISAFK,17,1,4.5618183000000005
DRAMP20965,MNKVKEWIKYLKSLFSM,17,1,1.25
DRAMP20966,GLTRLFSVIK,10,1,15.999999999999998
DRAMP20967,AIGHCLGATL,10,4,7.999999999999998
DRAMP20968,MMRVMRRKTKVIWEKKDFIGLYSID,25,1,3.1
DRAMP20969,KLLKHKLLVTLA,12,2,17.677669529663692
DRAMP20970,VNFKLLSHSLLVTLASHL,18,2,12.500000000000002
DRAMP20971,KLLSHSLLVTLA,12,2,8.838834764831844
DRAMP20972,KLLRHRLLVTLA,12,2,4.419417382415922
DRAMP20973,VRFKLLSHSLLVTLASHL,18,2,8.838834764831844
DRAMP20974,RRFKLLSHSLLVTLASHL,18,2,3.125
DRAMP20975,KFFKKLKKAVKKGFKKFAKV,20,8,5.73012821179335
DRAMP20976,RKYVRFLHRWVKYFRAYL,18,1,18.389883750000003
DRAMP20977,WLLKRWKKLL,10,1,63.99999999999998
DRAMP20978,wllkrwkkll,10,1,15.999999999999998
DRAMP20979,KLLKWWKKLL,10,1,15.999999999999998
DRAMP20980,kllkwwkkll,10,1,7.999999999999998
DRAMP20981,GFGSLLGKALRLGANVL,17,4,9.513656920021766
DRAMP20982,KFWSLLKKALRLWANVL,17,4,19.027313840043536
DRAMP20983,kFwSLLkKALRLwANVL,17,4,7.999999999999998
DRAMP20984,KFWKLLKKALRLWAKVL,17,4,9.513656920021766
DRAMP20985,kFWKlLKkAlrLWAkVL,17,4,13.454342644059432
DRAMP20986,kFwKLLkKALrLwAkVL,17,4,7.999999999999998
DRAMP20987,lFwKLLlKAlrLwAkVL,17,4,15.999999999999998
DRAMP20988,WFKKLLKKALRLWKKVL,17,4,15.999999999999998
DRAMP20989,wFKKlLKkAlrLWKkVL,17,4,7.999999999999998
DRAMP20990,kFwKLLkKAlrLwKkVL,17,4,7.999999999999998
DRAMP20991,wFwKLLwKAlrLwWkVL,17,4,19.027313840043536
DRAMP20992,lLKkAlrLWKkVL,13,4,19.027313840043536
DRAMP20993,LLwKAlrLwWkVL,13,4,19.027313840043536
DRAMP20994,GLLKFIKKLL,10,1,299.99999999999994
DRAMP20995,KLLKFIKKLL,10,1,399.9999999999999
DRAMP20996,RLLKFIKKLL,10,1,399.9999999999999
DRAMP20997,GLLKFIKKLL,10,1,30.000000000000004
DRAMP20998,GLLKFIKKLL,10,1,30.000000000000004
DRAMP20999,GLLKFIKKLL,10,1,40.0
DRAMP21000,GCRRLCYKQRCVTYCRGR,18,2,1.0883940248595636
DRAMP21001,GCRRLCWKQRCVTYCRGR,18,1,2.244705
DRAMP21002,GCRRLCYKQRCVTWCRGR,18,1,2.244705
DRAMP21003,GCRRLCYRQRCVTYCRGR,18,1,2.2496950000000004
DRAMP21004,GCRRLCWRQRCVTWCRGR,18,1,2.295755
DRAMP21005,GCRALCYKQRCVTYCRGA,18,2,4.1029100000000005
DRAMP21006,KCRRLCYRQRCVTYCRGR,18,2,0.2009884747483982
DRAMP21007,GURRLUYKQRUVTYURGR,18,2,0.8345973418811014
DRAMP21009,GCRRLCYKQRCVTYCRGpPR,20,1,9.66366
DRAMP21010,KCRRYCYRQRCVTYCRGR,18,1,1.1854175000000002
DRAMP21011,KURRYUYRQRUVTYURGR,18,1,2.5584350000000007
DRAMP21012,KILRGVCKKIMRTFLRRISKDILTGKK,27,1,12.81214
DRAMP21013,KILRGVCKKIMRPFLRRISKDILTGKK,27,1,12.796220000000002
DRAMP21014,KILPGVCKKIMRPFLRRISKDILTGKK,27,1,25.11988
DRAMP21015,RIGSILGALAKGLPTLISWIKNR,23,1,30.975187500000004
DRAMP21016,AIGSILGRLAKGLPTLISWIKNR,23,1,30.975187500000004
DRAMP21017,AIGSILGALAKGLPTLKSWIKNR,23,1,60.19787499999999
DRAMP21018,AIGSILGALAKGLPTLRSWIKNR,23,1,30.4491875
DRAMP21019,RIGSILGRLAKGLPTLISWIKNR,23,1,16.01953125
DRAMP21020,RIGSILGALAKGLPTLKSWIKNR,23,1,62.32562500000002
DRAMP21021,AIGSILGRLAKGLPTLKSWIKNR,23,1,62.32562500000002
DRAMP21022,RIGSILGRLAKGLPTLKSWIKNR,23,1,32.2266875
DRAMP21023,RIGSILGRLAKGLPTLRSWIKNR,23,1,32.57693749999999
DRAMP21035,KAAKAAKKAAKAAWK,15,1,199.99999999999991
DRAMP21036,RWKIFKKIPKFLHSAKKF,18,1,4.605749999999999
DRAMP21037,RWKIFKKIkKFLHSAKKF,18,1,4.6678500000000005
DRAMP21042,ILPWKWPWWKWRR,13,1,19.999999999999996
DRAMP21043,ILKWKWPWWPWRR,13,1,10.000000000000002
DRAMP21044,ILKWKWKWWPWRR,13,1,10.000000000000002
DRAMP21045,ILPWKWKWWKWRR,13,1,10.000000000000002
DRAMP21046,ILKWKWPWWKWRR,13,1,10.000000000000002
DRAMP21047,ILKWKWKWWKWRR,13,1,10.000000000000002
DRAMP21050,AWCFRVCYRGICYRRCR,17,1,0.029999999999999995
DRAMP21051,KACFRVCYRGICYRRCR,17,1,0.25
DRAMP21052,KWAFRVCYRGICYRRSR,17,1,4.0
DRAMP21053,KWCARVCYRGICYRRCR,17,1,0.12500000000000003
DRAMP21054,KWCFAVCYRGICYRRCR,17,1,0.12500000000000003
DRAMP21055,KWCFRACYRGICYRRCR,17,1,0.25
DRAMP21056,KWCFRVAYRGISYRRCR,17,1,0.5
DRAMP21057,KWCFRVCARGICYRRCR,17,1,0.06
DRAMP21058,KWCFRVCYAGICYRRCR,17,1,0.12500000000000003
DRAMP21059,KWCFRVCYRAICYRRCR,17,1,0.06
DRAMP21060,KWCFRVCYRGACYRRCR,17,1,0.12500000000000003
DRAMP21061,KWCFRVSYRGIAYRRCR,17,1,1.0
DRAMP21062,KWCFRVCYRGICARRCR,17,1,0.25
DRAMP21063,KWCFRVCYRGICYARCR,17,1,0.12500000000000003
DRAMP21064,KWCFRVCYRGICYRACR,17,1,0.25
DRAMP21065,KWSFRVCYRGICYRRAR,17,1,0.25
DRAMP21066,KWCFRVCYRGICYRRCA,17,1,0.014999999999999998
DRAMP21067,KWAFRVCYRGICYRRAR,17,1,0.25
DRAMP21068,KWCFRVAYRGIAYRRCR,17,1,0.12500000000000003
DRAMP21069,KWAFRVAYRGIAYRRAR,17,1,7.999999999999998
DRAMP21070,KWCFRRCYAGICYRRCR,17,1,0.5
DRAMP21071,RWCFRVCYRGICYRRCR,17,1,0.12500000000000003
DRAMP21072,KWCGRVCYRGICYRRCR,17,1,0.25
DRAMP21073,KWCSRVCYRGICYRRCR,17,1,0.5
DRAMP21074,KWCFRVCGRGICYRRCR,17,1,0.5
DRAMP21075,KWCFRVCYRGGCYRRCR,17,1,0.25
DRAMP21076,KWCARVCARGACYRRCR,17,1,7.999999999999998
DRAMP21077,KWCFVCYRGICYRRCG,16,1,7.999999999999998
DRAMP21078,AWCARVCYRGICYRRCR,17,1,2.0
DRAMP21079,AWCFRVCARGICYRRCR,17,1,0.12500000000000003
DRAMP21080,AWCFRVCYRGACYRRCR,17,1,0.12500000000000003
DRAMP21081,KWCFRVCYAGICYRRCA,17,1,0.029999999999999995
DRAMP21082,KWCFCVCYRGICRCRCRG,18,1,23.012548000000002
DRAMP21083,KWCRCVCRRGICRCFCRG,18,1,12.131652500000001
DRAMP21084,GWCRCVCRRGICRCFCRK,18,1,13.455105500000005
DRAMP21085,RFRRLRWKTRWRLKKI,16,7,11.214925618681168
DRAMP21086,RFRRLRWKTRWRLKKIRFGRFLRKIRRFRPK,31,7,3.237135432211024
DRAMP21087,RFRRLRWKTRWRLKKICYCRRRFCVCV,27,7,5.017919452990623
DRAMP21088,RFRRLRWKTRWRLKKIWWPFLRR,23,7,4.083435803279931
DRAMP21089,RFRRLRCKTRCRLKKI,16,2,34.13928000000001
DRAMP21090,RFRRLRDKTRDRLKKI,16,2,276.17344000000014
DRAMP21091,RFRRLRIKTRIRLKKI,16,2,24.366843111145933
DRAMP21092,RFRRLRPKTRPRLKKI,16,2,67.89328000000002
DRAMP21093,RFRRLRwKTRwRLKKI,16,2,13.009887961423805
DRAMP21094,RFRRLRWRTRWRLRRI,16,2,6.742701564818066
DRAMP21095,IRCRRRFCRI,10,1,11.02996
DRAMP21096,IRIRCRRRFCRIRI,14,1,1.9174450000000003
DRAMP21097,FRCRRRFCRF,10,1,5.787140000000001
DRAMP21098,FRFRCRRRFCRFRF,14,1,2.0535250000000005
DRAMP21099,WRCRRRFCRW,10,1,3.049690000000001
DRAMP21100,WRWRCRRRFCRWRW,14,1,8.838580000000004
DRAMP21101,PRCRRRFCRP,10,1,21.54664000000001
DRAMP21102,PRPRCRRRFCRPRP,14,1,29.652559999999998
DRAMP21165,GIMSSLMKKLKKIIKK,16,1,40.62179000000002
DRAMP21166,GILSSLLKKLKKIIAK,16,1,14.026200000000003
DRAMP21164,GIMSSLMKKLAKIIKK,16,1,26.840325000000007
DRAMP21158,GIMSSLMKKLKKHIAK,16,1,47.146710000000006
DRAMP21159,GIMISLMKKLAAHIAK,16,1,20.70282
DRAMP21160,GIMSSLMKKLAAIIAK,16,1,6.03063
DRAMP21161,GIMSSLMKKLAKIIAK,16,1,6.409380500000001
DRAMP21162,GIMSSLMKKLKKIIAK,16,1,16.104195
DRAMP21163,gimsslmkklkkiiak,16,1,11.272936500000004
DRAMP21157,GIMSSLMKKLAAHIKK,16,1,35.124900000000004
DRAMP21156,GIMSSLMKKLAKHIAK,16,1,26.343675000000005
DRAMP21155,GIMSSLMKKLKAHIAK,16,1,52.687350000000016
DRAMP21154,GIMSSLMKKLAAHIAK,16,1,25.487325000000002
DRAMP21145,RIRWILRYWRWS,12,2,2.533061551176757
DRAMP21144,KIKWILKYWKWS,12,2,4.7491129902119615
DRAMP21143,GIHHILKYGKPS,12,2,43.18703999999999
DRAMP21139,RLLRPLLQLLKQKLR,15,1,2.0
DRAMP21138,RIIRPIIQIIKQKIR,15,1,4.0
DRAMP21137,RVVRPVVQVVKQKVR,15,1,32.0
DRAMP21135,RRWWHWWRR,9,1,13.219625849999998
DRAMP21136,HRWWRWWRH,9,1,12.04564
DRAMP21134,HRWWRWWRR,9,1,12.198040000000002
DRAMP21133,RRWWRWWRR,9,1,4.6314150000000005
DRAMP21132,RRWHRHWRR,9,1,57.82660000000002
DRAMP21131,RRHWRWWRR,9,1,38.86311
DRAMP21130,RRWHRWWRR,9,1,21.524184
DRAMP21129,RRWWRHWRR,9,1,31.882697549999996
DRAMP21128,RFRRLRKKFRKRLKKI,16,1,142.71008
DRAMP21127,RFRRLRKKKRKRLKKI,16,1,282.98688000000004
DRAMP21126,RFRRLRKKIRKRLKKI,16,1,281.06560000000013
DRAMP21125,RFRRLRKKWRKRLKKI,16,1,145.20799999999997
DRAMP21124,RFRRLRKKTRKRLKKI,16,1,279.5219200000001
DRAMP21119,KWCFRVCYRGRCYRRCR,17,1,3.6064314000000004
DRAMP21118,KWCFRVCYRGSCYRRCR,17,1,1.7941640000000005
DRAMP21117,KWCFRVCRRGICYRRCR,17,1,3.5284002000000005
DRAMP21116,KWCFRVCSRGICYRRCR,17,1,1.7541480000000003
DRAMP21115,KWCFRRCYRGICYRRCR,17,1,3.6283182000000007
DRAMP21114,KWCFRSCYRGICYRRCR,17,1,3.5205066000000014
DRAMP21103,RWTWRGSGRWTWR,13,1,15.999999999999998
DRAMP21109,GIGGALLSAKAALGLAKGLAEHFAN,25,1,32.91042999999999
DRAMP21104,GIGGALLNVGKVALKGLAKGLAEHFAN,27,1,32.0
DRAMP21107,FLGLLGSLL,9,1,11.186099999999998
DRAMP21231,KKKKKKNGFAAWGAFGA,17,1,7.7161349999999995
DRAMP21230,KKKKKKAGFAAWGAFGA,17,1,7.535450999999997
DRAMP21229,KKKKKKAGFAAWAAFGA,17,1,2.8930959999999994
DRAMP21222,IirKIirK,8,1,31.299999999999997
DRAMP21221,iirkiirk,8,1,499.99999999999983
DRAMP21219,irvkirvkirvk,12,1,7.800000000000002
DRAMP21220,IIRKIIRK,8,1,499.99999999999983
DRAMP21218,IRVKIRVKIRVK,12,1,15.599999999999998
DRAMP21217,IRIkIrIK,8,1,15.599999999999998
DRAMP21215,irik,4,1,499.99999999999983
DRAMP21216,IrIkIrIk,8,1,499.99999999999983
DRAMP21213,irikirik,8,1,3.8999999999999995
DRAMP21214,irikir,6,1,125.00000000000004
DRAMP21212,IRIKIRIK,8,1,15.599999999999998
DRAMP21202,FKKLKKLFKKILKLK,15,1,15.228280000000002
DRAMP21187,WLRAFRRLVRRLARLLRR,18,3,25.397228239289035
DRAMP21186,WLRAFRRLVRRLARGLRR,18,3,3.1734040004598785
DRAMP21185,WGRAFRRLVRRLARGLRR,18,3,32.00720816761566
DRAMP21184,WGRAFRRGVRRLARGGRR,18,3,25.41886259813556
DRAMP21183,WGRAFSRGVRRLARGGRG,18,3,40.33017158182382
DRAMP21182,WGRAFSAGVHRLARGGRG,18,3,80.67324613669444
DRAMP21181,WGRAFSAGVHRLANGGNG,18,3,128.05337864999993
DRAMP21180,WGEAFSAGVHRLANGGNG,18,3,128.06395225000003
DRAMP21179,GILSSLWKKPKKIIAK,16,1,181.0285
DRAMP21178,GILSSLWKKLKKWIAK,16,1,4.7484375000000005
DRAMP21177,GILSSLLKKLKKWIAK,16,1,7.305299999999999
DRAMP21176,GILSSLLKKWKKIIAK,16,1,13.697437500000001
DRAMP21175,GKLSSLWKKLKKIIAK,16,1,36.8267
DRAMP21174,gilsslwkklkkiiak,16,1,9.131625000000003
DRAMP21173,GILSSLWKKLKKIIAK,16,1,6.209505000000001
DRAMP21172,GILSSWLKKLKKIIAK,16,1,20.089575000000007
DRAMP21168,GILKSLLKKLKKIIAK,16,1,17.943650000000005
DRAMP21169,GILSKLLKKLKKIIAK,16,1,32.29857000000001
DRAMP21170,kILSSLLKKLKKIIAK,16,1,29.190319999999996
DRAMP21171,GIWSSLLKKLKKIIAK,16,1,2.922120000000001
DRAMP21167,gilssllkklkkiiak,16,1,7.8897375
DRAMP21244,FLSLIPKLVKKIIKAFK,17,1,9.932975000000004
DRAMP21245,FLGMIPKLIKKLIKAFK,17,1,9.943175000000002
DRAMP21251,FLFSLIPSVIAGLVSAIRN,19,1,511.99999999999994
DRAMP21252,FLFSLIPSAIAGLVSAIRN,19,1,511.99999999999994
DRAMP21253,FLFKLIPKAIKGLVKAIRK,19,1,15.999999999999998
DRAMP21254,FLFKLIPKVIKGLVKAIRK,19,1,15.999999999999998
DRAMP21255,WLSKTAKKL,9,2,137.51232000000007
DRAMP21256,WLSKTAKKLWLSKTAKKL,18,2,17.04492
DRAMP21257,WLSKTAKKLWLSKTAKKLWLSKTAKKL,27,2,6.373829999999999
DRAMP21258,SWLSKTAKKLENSAKKRISEGIAIAIQGGPR,31,2,1.6694475
DRAMP21259,MDSFQKIEKIGEGTYGVVYKAKDKVSGRLVALKKIRLENESEGVPSTA,48,1,26.35537500000001
DRAMP21260,AAKAAAKAAAKAA,13,4,142.50560000000004
DRAMP21261,LLKAAAKAAAKLL,13,4,20.506320000000002
DRAMP21262,AAKLLLKLLLKAA,13,4,12.993800189650331
DRAMP21263,LLKLLLKLLLKLL,13,4,196.36800000000008
DRAMP21311,RWLRKWTRKRLK,12,2,27.634000000000007
DRAMP21312,RRLRWKTRWRLK,12,2,14.041160000000001
DRAMP21313,RRLRKKTWKRLW,12,2,39.08037758261812
DRAMP21314,RWLRKWTRKWLK,12,2,7.028580000000001
DRAMP21315,WRLRWKTRWRLK,12,3,4.498333922071164
DRAMP21316,RRLWKKTWKRLW,12,2,7.028580000000001
DRAMP21317,RWLRWKTRWRLK,12,2,5.049209108147532
DRAMP21318,RRLRWWTRWRLK,12,2,7.252740000000001
DRAMP21319,VRLRVKTRVRLK,12,2,6.0957
DRAMP21320,LRLRLKTRLRLK,12,2,6.264060000000001
DRAMP21321,RWLRWWTRWRLK,12,2,5.213371018467802
DRAMP21322,WRVRWKTRWRVK,12,3,5.578460650837167
DRAMP21323,WRIRWKTRWRIK,12,3,4.498333922071164
DRAMP21324,WRFRWKTRWRFK,12,3,5.8835591330254555
DRAMP21325,WRLRWRTRWRLR,12,3,5.845461507778219
DRAMP21326,WRLRWRLRWRLR,12,3,4.669935169066846
DRAMP21327,WRVRWRVRWRVR,12,3,4.563875015086695
DRAMP21328,WRTRWRTRWRTR,12,3,5.768885281031271
DRAMP21329,WRFRWRFRWRFR,12,3,9.85422050754277
DRAMP21330,WKVKWKVKWKVK,12,3,2.6081872354416102
DRAMP21331,WKLKWKLKWKLK,12,3,5.350001891437904
DRAMP21332,WKIKWKIKWKIK,12,3,3.37029
DRAMP21333,WRVRWKVRWRVK,12,3,3.5102700000000002
DRAMP21334,SFLTTVKKLVTNLAALAGTVIDTIKCKVTGGCRT,34,1,28.193479999999997
DRAMP21335,SFLTTVKKLVTNLAALAGTVIDTIKCKVTGGC,32,1,104.54064000000002
DRAMP21336,SFLTTVKKLVTNLAAL,16,1,27.505199999999995
DRAMP21337,GRFKRFRKKFKKLFKKLSPVIPLLHL,26,1,6.45219
DRAMP21338,FLRALWNVAKSVF,13,1,2.481384
DRAMP21339,FLGALWRVAKSVF,13,1,2.390104000000001
DRAMP21340,FLGALWNVAKRVF,13,1,2.4333360000000006
DRAMP21341,GLGALWNVAKSVF,13,1,68.07975000000002
DRAMP21343,FLGALWNVLKSVF,13,1,1.195044
DRAMP21344,FLGALWNVFKSVF,13,1,2.44452
DRAMP21345,FLGALWNVAKSLF,13,1,1.172604
DRAMP21346,FLGALWNVAKSYF,13,1,9.549382500000002
DRAMP21347,IHHIHHH,7,6,59.52223999999998
DRAMP21348,IHHIHHHIHHIHHH,14,6,117.89151999999991
DRAMP21349,IHHIHHHIHHIHHHIHHIHHH,21,6,6.182689331395271
DRAMP21350,IHHIHHHIHHIHHHIHHIHHHIHHIHHH,28,6,6.532238672161412
DRAMP21351,IHHIHHI,7,6,57.98752000000001
DRAMP21352,IHHIHHIIHHIHHI,14,6,8.055214194246421
DRAMP21353,IHHIHHIIHHIHHIIHHIHHI,21,6,2.1288119602603626
DRAMP21354,IHHIHHIIHHIHHIIHHIHHIIHHIHHI,28,6,11.334599101421125
DRAMP21355,KKKKKAAFAKAWAAFAA,17,1,11.568343499999996
DRAMP21356,KKKKAAFAKAWAKAFAA,17,1,22.953062500000005
DRAMP21357,KKKAAFAKAWAKAFKAA,17,1,45.90612500000001
DRAMP21358,KKAKAFAKAWAKAFKAA,17,1,22.953062500000005
DRAMP21359,KAAKKFAKAWAKAFKAA,17,1,22.953062500000005
DRAMP21360,KKKKKKALFALWLAFLA,17,1,25.0570625
DRAMP21361,KKKKKALFLKLWAAFLA,17,1,6.2141515
DRAMP21362,KKKKAAFLKLWLKLFAA,17,1,25.0570625
DRAMP21363,KKKAAFLKLWAKLFKAL,17,1,6.214151500000001
DRAMP21364,KKLKAFLKAWAKLFKAL,17,1,3.207304
DRAMP21365,KALKKFLKAWAKLFKAL,17,1,3.207304
DRAMP21369,FLKALWKVAKSVF,13,1,2.459064
DRAMP21370,FLKALWNVAKKVF,13,1,2.5022960000000003
DRAMP21371,FLGALWKVAKKVF,13,1,4.6713435
DRAMP21372,FLKALWKVAKKVF,13,1,2.524808000000001
DRAMP21373,AIKIRKLFKKLLR,13,1,12.500000000000002
DRAMP21374,GIKIRKLFKKLLR,13,1,6.250000000000001
DRAMP21375,GWAKLITKAIKKI,13,1,24.999999999999996
DRAMP21376,GIKFFLKKLKKHI,13,1,24.999999999999996
DRAMP21378,RLFIKKLKFITRR,13,1,24.999999999999996
DRAMP21380,KFRKFGKQVWVRL,13,1,12.500000000000002
DRAMP21381,aikirklfkkllr,13,1,12.500000000000002
DRAMP21382,KVWSRLRKIFSTR,13,1,6.250000000000001
DRAMP21384,IRRWRLHWFRRAI,13,1,12.500000000000002
DRAMP21385,IRRRIRLIVRRQI,13,1,12.500000000000002
DRAMP21387,RWIRWVWRKKLRI,13,1,12.500000000000002
DRAMP21388,RWIRWVWRKKLR,12,1,3.125
DRAMP21389,rwirwvwrkklr,12,1,0.78
DRAMP21390,RWKRHISEQLRRRDRLQR,18,1,298.78740000000005
DRAMP21391,RWKRHISEQLRRRDRLQRQAF,21,1,170.17709999999997
DRAMP21392,RWKRHISEQLRRRDRLQRQAJ,21,1,83.97315000000002
DRAMP21393,RWKRHISEQLRRRDRLQRQAJ,21,1,48.98433750000001
DRAMP21394,RWKRHISEQLRRRDRLQRQAJ,21,1,17.914272
DRAMP21395,RWKRHISEQLRRRDRLQRQAJ,21,1,8.957135999999998
DRAMP21396,RWKRHISEQLRRRDRLQRQAJ,21,1,8.957135999999998
DRAMP21397,RWKRHISEQLRRRDRLQRQAJ,21,1,8.957135999999998
DRAMP21398,RWKRHISEQLRRRDRLQRQAJ,21,1,8.957135999999998
DRAMP21400,CGIYRSLKLIKSLVLIK,17,1,48.687375
DRAMP21401,CALKLTKAKRLVRKIGF,17,1,6.8091625
DRAMP21402,KFKKLFKKLSPVFKRIVQRIKDFLR,25,2,63.27950000000002
DRAMP21403,ITEVITILLNRLTDRLEK,18,1,214.05450000000008
DRAMP21404,ITKVITKLLNRLTKILSK,18,1,6.456106500000001
DRAMP21407,KLCKIVVIKVCK,12,1,10.990760000000002
DRAMP21408,RLCRIWWIRWCR,12,1,3.49433
DRAMP21409,ricrivvirvcr,12,1,5.9437
DRAMP21410,klckivvikvck,12,1,5.49538
DRAMP21411,ricriwwirwcr,12,1,6.988660000000001
DRAMP21412,rkcrivvirvcr,12,1,1.5009350000000001
DRAMP21413,rkcrivvirvcr,12,1,3.0018700000000003
DRAMP21414,RWKIFKKIEKMGRNIRDGIVKAGPAIQVLGSAKAI,35,1,0.58406025
DRAMP21415,LKKWWKTSKGLLGGLLGKVTSVIK,24,6,2.964686048166407
DRAMP21416,WVKAAAKAAAKVW,13,2,89.57984000000002
DRAMP21417,WIKAAAKAAAKIW,13,2,11.421960000000002
DRAMP21418,WFKAAAKAAAKFW,13,2,5.9831400000000015
DRAMP21419,WWKAAAKAAAKWW,13,2,4.451505888146168
DRAMP21420,FLPKLFAKITKKNMAHIRC,19,1,38.417365
DRAMP21421,FLPKLFAKITKKNMAHIRC,19,1,27.118139999999997
DRAMP21422,CFLPKLFAKITKKNMAHIR,19,1,22.598449999999993
DRAMP21423,CFLPKLFAKITKKNMAHIR,19,1,22.598449999999993
DRAMP21453,GLPLLISWIKRKRQQGSKKPVPIIYCNRRTGKCQRM,36,1,2.5525169999999995
DRAMP21454,GILDWGKKVMDWIKDKM,17,1,6.396834499999999
DRAMP21455,GWGSIFKTVGKMIAKAAVKAAPEAISAMASQNE,33,1,20.85645899999999
DRAMP21456,KIKWGKIFKKGGKLIGKTALEAAANAAASEAISAMASQNE,40,1,12.7217335
DRAMP21457,GVKELFGKAWGLVKKHLPKACGLLGYVKQ,29,1,9.823450500000005
DRAMP21458,IWGALLGTLIPAITSAIQ,18,1,91.91074999999998
DRAMP21459,IKGKKIMKNMGKAMKIAGKVAKAMAPIVVPLIVSAA,36,1,11.494133499999997
DRAMP21460,IHKFWRCRRRFCRWFKHI,18,2,29.145753581117095
DRAMP21461,IHKFWRPGRWFKHI,14,2,10.794890111492569
DRAMP21462,IHKFWRGGRWFKHI,14,2,14.945720000000001
DRAMP21463,IHKFWRRWFKHI,12,2,19.84554578369666
DRAMP21464,IHFKWRRWKFHI,12,2,39.69109156739332
DRAMP21465,DEMKLDGFNMHLE,13,1,31.575899999999997
DRAMP21466,AAGKGLVSNLLEK,13,1,31.968315000000008
DRAMP21467,GLLDFLKAAGKGLVSNLLEK,20,1,31.297425
DRAMP21310,RRLRKKTRKRLK,12,2,148.35122896710763
DRAMP21481,KKKKKKAAFAAWAAFAA,17,1,2.937992
DRAMP29053,AKLIPTIAL,9,1,46.960249999999995
DRAMP29054,SLRGCC,6,1,31.888749999999998
DRAMP29093,XTXXXfLXXT,10,1,49.99999999999999
DRAMP29094,GPKTKAACKMACKLATCGKKPGGWKCKLCELGCDAV,36,1,3.0000000000000004
DRAMP29095,GIKEMLCNMACAQTVCKKSGGPLCDTCQAACKALG,35,1,44.35343749999999
DRAMP29098,GLSRLFTALK,10,1,32.0
DRAMP29099,GLRKRLRKFRNKIKEKLKKIGQKIQGLLPKLAPRTDY,37,12,2.1909897823826903
DRAMP29100,GIRDVLKGAAKAFVKTVAGHIAN,23,1,9.346979999999999
DRAMP29101,GFKDLLKGAAKALVKAVLF,19,1,11.936790000000002
DRAMP29102,KFFKRLLKSVRRAVKKFRKKPRLIGLSTLL,30,5,3.088966892778525
DRAMP29103,KWKLFKKIHKVGQNIRKGIIKAGPAVAVVGQAAQIAK,37,1,7.09
DRAMP29104,LNLKALLAVAKKIL,14,1,6.0318200000000015
DRAMP29105,CLNLKALLAVAKKILC,16,1,54.855520000000034
DRAMP29106,RKKRRQRRRLNLKALLAVAKKIL,23,1,5.65913
DRAMP29107,ANLKALLAVAKKIL,14,1,5.863500000000001
DRAMP29108,LALKALLAVAKKIL,14,1,5.8597399999999995
DRAMP29109,LNAKALLAVAKKIL,14,1,11.727
DRAMP29110,LNLAALLAVAKKIL,14,1,11.606920000000004
DRAMP29111,LNLKAALAVAKKIL,14,1,11.727000000000006
DRAMP29113,LNLKALLAAAKKIL,14,1,11.839240000000002
DRAMP29114,LNLKALLAVAAKIL,14,1,11.606920000000004
DRAMP29115,LNLKALLAVAKAIL,14,1,11.606920000000004
DRAMP29116,LNLKALLAVAKKAL,14,1,11.727
DRAMP29117,LNLKALLAVAKKIA,14,1,11.727
DRAMP29119,LNLKALGAVAKKIL,14,1,46.45904
DRAMP29120,KNLKALLAVAKKIL,14,1,12.183720000000001
DRAMP29121,GNLKALAAVAKKIL,14,1,90.22496000000004
DRAMP29122,LNLRALLAVARRIL,14,1,6.368060000000002
DRAMP29123,LNLKKLLAVAKKIL,14,1,6.260180000000001
DRAMP29124,LNLKKLLKVAKKIL,14,1,12.977080000000004
DRAMP29125,LNLKALLAVAKKI,13,1,22.31672
DRAMP29126,LNLKALLAVAKK,12,1,164.04928
DRAMP29127,LNLKALLAVAK,11,1,147.64352000000008
DRAMP29129,LNLKKLAAVAKKIL,14,1,12.183720000000001
DRAMP29130,LNLKKLLAVAKKI,13,1,23.23016
DRAMP29131,KLLGPLLKIAAKVGSNLL,18,1,46.208375
DRAMP29132,GLLGKLLKIAAKVGSNLL,18,1,22.6033125
DRAMP29133,GLLGPLLKIAKKVGSNLL,18,1,91.71525000000001
DRAMP29134,GLLGPLLKIAAKVGKNLL,18,1,22.7288125
DRAMP29135,GLLGPLLKIAAKVGKKLL,18,1,91.61875
DRAMP29136,GLLGPLLKIAAKVGSKLL,18,2,15.8960774614044
DRAMP29137,GLLGKLLKIAAKVGKKLL,18,1,46.585625
DRAMP29138,GLLKKLLKIAAKVGKKLL,18,1,24.1818125
DRAMP29140,FIGALLRPALKLLA,14,2,30.577003205023225
DRAMP29141,GLKEVAHSAKKFAKGFISGLTGS,23,1,149.35712
DRAMP29147,NLLGSLLKTGLKVGSNLL,18,2,73.60859999999997
DRAMP29148,KLLNLLPGLLAGIF,14,1,18.5235625
DRAMP29149,ALLKLAPRLLAGIF,14,1,18.699062499999997
